TradeID,Strategy,Symbol,Side,Quantity,SignalTime,EntryTime,FillDelayMs,EntryPrice,ExitTime,ExitPrice,ExitReason,GrossPnL,NetPnL,Commission,PointsPnL,PercentPnL,Duration,SignalType,HTFBias,Trigger,Confidence,RiskReward,OB_High,OB_Low,OB_Time,OB_Type,CHoCH_Level,CHoCH_Time,MSS_Level,MSS_Time,SwingHigh,SwingHigh_Time,SwingLow,SwingLow_Time,FVG_Top,FVG_Bottom,FVG_Time,FibLevel,FibPrice,GEXLevel,GEXLevelType,LTLevelsBelow,LTSentiment,LTOrdering,LTSpacing,LTLdmpType,LTAvgSpacing,FilterReason,StopLoss,TakeProfit,MFEPoints,MAEPoints,ProfitGiveBack,StrategyMetadata
T000001,OVERNIGHT_SCORING,NQ,buy,1,2023-05-17T02:39:00.000Z,2023-05-17T02:39:00.000Z,0,16066.5,2023-05-17T06:00:00.000Z,16060.25,time_exit,-125,-130,5,-6.25,-0.04,12060000,,,,,,,,,,,,,,,,,,,,,,,,,,BULLISH,,,,,,15864.5,16264.5,7,15,13.25,"{""score"":7,""direction"":""bullish"",""ibs"":0.398,""lt_sentiment"":""BULLISH"",""gex_regime"":""positive"",""day_of_week"":""Tuesday"",""rth_close"":16032.75,""consecutive_down"":0,""consecutive_up"":1,""last_hour_return"":-53.75,""exit_time"":""2023-05-17T06:00:00.000Z"",""target_points"":200,""stop_points"":200}"
T000002,OVERNIGHT_SCORING,NQ,buy,1,2023-05-17T22:01:00.000Z,2023-05-17T22:01:00.000Z,0,16191.25,2023-05-18T06:00:00.000Z,16187.25,time_exit,-80,-85,5,-4,-0.02,28740000,,,,,,,,,,,,,,,,,,,,,,,,,,BULLISH,,,,,,15991.25,16391.25,13.75,12.5,17.75,"{""score"":7,""direction"":""bullish"",""ibs"":0.875,""lt_sentiment"":""BULLISH"",""gex_regime"":""positive"",""day_of_week"":""Wednesday"",""rth_close"":16195.25,""consecutive_down"":0,""consecutive_up"":2,""last_hour_return"":15.75,""exit_time"":""2023-05-18T06:00:00.000Z"",""target_points"":200,""stop_points"":200}"
T000003,OVERNIGHT_SCORING,NQ,buy,1,2023-05-22T22:01:00.000Z,2023-05-22T22:01:00.000Z,0,16464.5,2023-05-23T06:00:00.000Z,16483,time_exit,370,365,5,18.5,0.11,28740000,,,,,,,,,,,,,,,,,,,,,,,,,,BULLISH,,,,,,16262.75,16662.75,65.25,2.25,46.75,"{""score"":8,""direction"":""bullish"",""ibs"":0.581,""lt_sentiment"":""BULLISH"",""gex_regime"":""positive"",""day_of_week"":""Monday"",""rth_close"":16455.5,""consecutive_down"":1,""consecutive_up"":0,""last_hour_return"":-17.25,""exit_time"":""2023-05-23T06:00:00.000Z"",""target_points"":200,""stop_points"":200}"
T000004,OVERNIGHT_SCORING,NQ,buy,1,2023-05-24T22:01:00.000Z,2023-05-24T22:01:00.000Z,0,16431.5,2023-05-25T06:00:00.000Z,16382.25,time_exit,-985,-990,5,-49.25,-0.3,28740000,,,,,,,,,,,,,,,,,,,,,,,,,,BULLISH,,,,,,16224.25,16624.25,0,78,49.25,"{""score"":8,""direction"":""bullish"",""ibs"":0.619,""lt_sentiment"":""BULLISH"",""gex_regime"":""positive"",""day_of_week"":""Wednesday"",""rth_close"":16203.25,""consecutive_down"":1,""consecutive_up"":0,""last_hour_return"":39.25,""exit_time"":""2023-05-25T06:00:00.000Z"",""target_points"":200,""stop_points"":200}"
T000005,OVERNIGHT_SCORING,NQ,buy,1,2023-05-29T22:54:00.000Z,2023-05-29T22:54:00.000Z,0,16950.5,2023-05-30T06:00:00.000Z,16948.75,time_exit,-35,-40,5,-1.75,-0.01,25560000,,,,,,,,,,,,,,,,,,,,,,,,,,BULLISH,,,,,,16751.5,17151.5,5,21.5,6.75,"{""score"":7,""direction"":""bullish"",""ibs"":0.831,""lt_sentiment"":""BULLISH"",""gex_regime"":""positive"",""day_of_week"":""Monday"",""rth_close"":16955.25,""consecutive_down"":0,""consecutive_up"":3,""last_hour_return"":0,""exit_time"":""2023-05-30T06:00:00.000Z"",""target_points"":200,""stop_points"":200}"
T000006,OVERNIGHT_SCORING,NQ,buy,1,2023-05-31T22:39:00.000Z,2023-05-31T22:39:00.000Z,0,16843.75,2023-06-01T06:00:00.000Z,16838.25,time_exit,-110,-115,5,-5.5,-0.03,26460000,,,,,,,,,,,,,,,,,,,,,,,,,,BULLISH,,,,,,16643.5,17043.5,40.5,45,46,"{""score"":7,""direction"":""bullish"",""ibs"":0.314,""lt_sentiment"":""BULLISH"",""gex_regime"":""positive"",""day_of_week"":""Wednesday"",""rth_close"":16852.25,""consecutive_down"":1,""consecutive_up"":0,""last_hour_return"":-26.5,""exit_time"":""2023-06-01T06:00:00.000Z"",""target_points"":200,""stop_points"":200}"
T000007,OVERNIGHT_SCORING,NQ,buy,1,2023-06-13T22:01:00.000Z,2023-06-13T22:01:00.000Z,0,17487.25,2023-06-14T06:00:00.000Z,17472,time_exit,-305,-310,5,-15.25,-0.09,28740000,,,,,,,,,,,,,,,,,,,,,,,,,,BULLISH,,,,,,17288.25,17688.25,4.25,33,19.5,"{""score"":7,""direction"":""bullish"",""ibs"":0.799,""lt_sentiment"":""BULLISH"",""gex_regime"":""positive"",""day_of_week"":""Tuesday"",""rth_close"":17469.75,""consecutive_down"":0,""consecutive_up"":1,""last_hour_return"":32,""exit_time"":""2023-06-14T06:00:00.000Z"",""target_points"":200,""stop_points"":200}"
T000008,OVERNIGHT_SCORING,NQ,buy,1,2023-07-12T22:01:00.000Z,2023-07-12T22:01:00.000Z,0,17838.5,2023-07-13T06:00:00.000Z,17869.75,time_exit,625,620,5,31.25,0.18,28740000,,,,,,,,,,,,,,,,,,,,,,,,,,BULLISH,,,,,,17632.25,18032.25,79.75,2.25,48.5,"{""score"":7,""direction"":""bullish"",""ibs"":0.658,""lt_sentiment"":""BULLISH"",""gex_regime"":""positive"",""day_of_week"":""Wednesday"",""rth_close"":17825,""consecutive_down"":0,""consecutive_up"":2,""last_hour_return"":-0.25,""exit_time"":""2023-07-13T06:00:00.000Z"",""target_points"":200,""stop_points"":200}"
T000009,OVERNIGHT_SCORING,NQ,buy,1,2023-07-17T22:01:00.000Z,2023-07-17T22:01:00.000Z,0,18202.5,2023-07-18T06:00:00.000Z,18192.75,time_exit,-195,-200,5,-9.75,-0.05,28740000,,,,,,,,,,,,,,,,,,,,,,,,,,BULLISH,,,,,,18004,18404,4.5,30,14.25,"{""score"":7,""direction"":""bullish"",""ibs"":0.779,""lt_sentiment"":""BULLISH"",""gex_regime"":""positive"",""day_of_week"":""Monday"",""rth_close"":18217.5,""consecutive_down"":1,""consecutive_up"":0,""last_hour_return"":18.5,""exit_time"":""2023-07-18T06:00:00.000Z"",""target_points"":200,""stop_points"":200}"
T000010,OVERNIGHT_SCORING,NQ,sell,1,2023-08-02T22:01:00.000Z,2023-08-02T22:01:00.000Z,0,17833.25,2023-08-03T06:00:00.000Z,17833.5,time_exit,-5,-10,5,-0.25,0,28740000,,,,,,,,,,,,,,,,,,,,,,,,,,BEARISH,,,,,,18035.5,17635.5,21.5,47.5,21.75,"{""score"":7,""direction"":""bearish"",""ibs"":0.213,""lt_sentiment"":""BEARISH"",""gex_regime"":""negative"",""day_of_week"":""Wednesday"",""rth_close"":17841.5,""consecutive_down"":0,""consecutive_up"":3,""last_hour_return"":-23.5,""exit_time"":""2023-08-03T06:00:00.000Z"",""target_points"":200,""stop_points"":200}"
T000011,OVERNIGHT_SCORING,NQ,sell,1,2023-08-08T01:39:00.000Z,2023-08-08T01:39:00.000Z,0,17812.25,2023-08-08T06:00:00.000Z,17785.25,time_exit,540,535,5,27,0.15,15660000,,,,,,,,,,,,,,,,,,,,,,,,,,BEARISH,,,,,,18013.5,17613.5,30.5,10.5,3.5,"{""score"":7,""direction"":""bearish"",""ibs"":0.97,""lt_sentiment"":""BEARISH"",""gex_regime"":""negative"",""day_of_week"":""Monday"",""rth_close"":17859.75,""consecutive_down"":1,""consecutive_up"":0,""last_hour_return"":37,""exit_time"":""2023-08-08T06:00:00.000Z"",""target_points"":200,""stop_points"":200}"
T000012,OVERNIGHT_SCORING,NQ,buy,1,2023-08-09T23:24:00.000Z,2023-08-09T23:24:00.000Z,0,17583.5,2023-08-10T06:00:00.000Z,17611.25,time_exit,555,550,5,27.75,0.16,23760000,,,,,,,,,,,,,,,,,,,,,,,,,,BULLISH,,,,,,17381.25,17781.25,39,2.25,11.25,"{""score"":7,""direction"":""bullish"",""ibs"":0.152,""lt_sentiment"":""BULLISH"",""gex_regime"":""negative"",""day_of_week"":""Wednesday"",""rth_close"":17553.5,""consecutive_down"":1,""consecutive_up"":0,""last_hour_return"":-92.25,""exit_time"":""2023-08-10T06:00:00.000Z"",""target_points"":200,""stop_points"":200}"
T000013,OVERNIGHT_SCORING,NQ,sell,1,2023-09-20T22:01:00.000Z,2023-09-20T22:01:00.000Z,0,17322.5,2023-09-21T06:00:00.000Z,17265.75,time_exit,1135,1130,5,56.75,0.33,28740000,,,,,,,,,,,,,,,,,,,,,,,,,,BEARISH,,,,,,17522.25,17122.25,65.5,2,8.75,"{""score"":7,""direction"":""bearish"",""ibs"":0.017,""lt_sentiment"":""BEARISH"",""gex_regime"":""negative"",""day_of_week"":""Wednesday"",""rth_close"":17329.5,""consecutive_down"":0,""consecutive_up"":2,""last_hour_return"":-150.25,""exit_time"":""2023-09-21T06:00:00.000Z"",""target_points"":200,""stop_points"":200}"
T000014,OVERNIGHT_SCORING,NQ,sell,1,2023-09-25T23:54:00.000Z,2023-09-25T23:54:00.000Z,0,17114,2023-09-26T06:00:00.000Z,17041.75,time_exit,1445,1440,5,72.25,0.42,21960000,,,,,,,,,,,,,,,,,,,,,,,,,,BEARISH,,,,,,17315,16915,84.5,1.25,12.25,"{""score"":9,""direction"":""bearish"",""ibs"":0.984,""lt_sentiment"":""BEARISH"",""gex_regime"":""negative"",""day_of_week"":""Monday"",""rth_close"":17114,""consecutive_down"":3,""consecutive_up"":0,""last_hour_return"":62,""exit_time"":""2023-09-26T06:00:00.000Z"",""target_points"":200,""stop_points"":200}"
T000015,OVERNIGHT_SCORING,NQ,sell,1,2023-09-27T22:01:00.000Z,2023-09-27T22:01:00.000Z,0,16938.75,2023-09-28T06:00:00.000Z,16944.25,time_exit,-110,-115,5,-5.5,-0.03,28740000,,,,,,,,,,,,,,,,,,,,,,,,,,BEARISH,,,,,,17143,16743,48.75,32.5,54.25,"{""score"":7,""direction"":""bearish"",""ibs"":0.67,""lt_sentiment"":""BEARISH"",""gex_regime"":""negative"",""day_of_week"":""Wednesday"",""rth_close"":16921,""consecutive_down"":1,""consecutive_up"":0,""last_hour_return"":4.25,""exit_time"":""2023-09-28T06:00:00.000Z"",""target_points"":200,""stop_points"":200}"
T000016,OVERNIGHT_SCORING,NQ,sell,1,2023-10-03T22:01:00.000Z,2023-10-03T22:01:00.000Z,0,16891.75,2023-10-04T06:00:00.000Z,16823,time_exit,1375,1370,5,68.75,0.41,28740000,,,,,,,,,,,,,,,,,,,,,,,,,,BEARISH,,,,,,17093.25,16693.25,78.5,18.25,9.75,"{""score"":7,""direction"":""bearish"",""ibs"":0.21,""lt_sentiment"":""BEARISH"",""gex_regime"":""negative"",""day_of_week"":""Tuesday"",""rth_close"":16896.75,""consecutive_down"":0,""consecutive_up"":1,""last_hour_return"":21,""exit_time"":""2023-10-04T06:00:00.000Z"",""target_points"":200,""stop_points"":200}"
T000017,OVERNIGHT_SCORING,NQ,sell,1,2023-10-04T23:54:00.000Z,2023-10-04T23:54:00.000Z,0,17089.25,2023-10-05T06:00:00.000Z,17097.75,time_exit,-170,-175,5,-8.5,-0.05,21960000,,,,,,,,,,,,,,,,,,,,,,,,,,BEARISH,,,,,,17287.5,16887.5,23.75,33.5,32.25,"{""score"":7,""direction"":""bearish"",""ibs"":0.836,""lt_sentiment"":""BEARISH"",""gex_regime"":""negative"",""day_of_week"":""Wednesday"",""rth_close"":17097,""consecutive_down"":1,""consecutive_up"":0,""last_hour_return"":49,""exit_time"":""2023-10-05T06:00:00.000Z"",""target_points"":200,""stop_points"":200}"
T000018,OVERNIGHT_SCORING,NQ,sell,1,2023-10-18T22:46:00.000Z,2023-10-18T22:46:00.000Z,0,17222.75,2023-10-19T06:00:00.000Z,17169,time_exit,1075,1070,5,53.75,0.31,26040000,,,,,,,,,,,,,,,,,,,,,,,,,,BEARISH,,,,,,17423.75,17023.75,64.5,12.25,10.75,"{""score"":7,""direction"":""bearish"",""ibs"":0.181,""lt_sentiment"":""BEARISH"",""gex_regime"":""negative"",""day_of_week"":""Wednesday"",""rth_close"":17200.75,""consecutive_down"":0,""consecutive_up"":2,""last_hour_return"":-38.25,""exit_time"":""2023-10-19T06:00:00.000Z"",""target_points"":200,""stop_points"":200}"
T000019,OVERNIGHT_SCORING,NQ,buy,1,2023-10-23T22:01:00.000Z,2023-10-23T22:01:00.000Z,0,16921.25,2023-10-24T06:00:00.000Z,16962,time_exit,815,810,5,40.75,0.24,28740000,,,,,,,,,,,,,,,,,,,,,,,,,,BULLISH,,,,,,16722.25,17122.25,43.5,24,2.75,"{""score"":7,""direction"":""bullish"",""ibs"":0.566,""lt_sentiment"":""BULLISH"",""gex_regime"":""negative"",""day_of_week"":""Monday"",""rth_close"":16883.5,""consecutive_down"":3,""consecutive_up"":0,""last_hour_return"":-72.5,""exit_time"":""2023-10-24T06:00:00.000Z"",""target_points"":200,""stop_points"":200}"
T000020,OVERNIGHT_SCORING,NQ,sell,1,2023-10-25T22:01:00.000Z,2023-10-25T22:01:00.000Z,0,16592.25,2023-10-26T06:00:00.000Z,16488,time_exit,2085,2080,5,104.25,0.63,28740000,,,,,,,,,,,,,,,,,,,,,,,,,,BEARISH,,,,,,16803,16403,112.75,2.25,8.5,"{""score"":8,""direction"":""bearish"",""ibs"":0.084,""lt_sentiment"":""BEARISH"",""gex_regime"":""strong_negative"",""day_of_week"":""Wednesday"",""rth_close"":16653.5,""consecutive_down"":0,""consecutive_up"":2,""last_hour_return"":-0.75,""exit_time"":""2023-10-26T06:00:00.000Z"",""target_points"":200,""stop_points"":200}"
T000021,OVERNIGHT_SCORING,NQ,sell,1,2023-11-06T23:01:00.000Z,2023-11-06T23:01:00.000Z,0,17391.75,2023-11-07T07:00:00.000Z,17377.25,time_exit,290,285,5,14.5,0.08,28740000,,,,,,,,,,,,,,,,,,,,,,,,,,BEARISH,,,,,,17591,17191,21.5,8.5,7,"{""score"":7,""direction"":""bearish"",""ibs"":0.801,""lt_sentiment"":""BEARISH"",""gex_regime"":""neutral"",""day_of_week"":""Monday"",""rth_close"":17411,""consecutive_down"":0,""consecutive_up"":5,""last_hour_return"":26.75,""exit_time"":""2023-11-07T07:00:00.000Z"",""target_points"":200,""stop_points"":200}"
T000022,OVERNIGHT_SCORING,NQ,buy,1,2023-11-13T23:01:00.000Z,2023-11-13T23:01:00.000Z,0,17735,2023-11-14T07:00:00.000Z,17749,time_exit,280,275,5,14,0.08,28740000,,,,,,,,,,,,,,,,,,,,,,,,,,BULLISH,,,,,,17532.25,17932.25,20.25,5.75,6.25,"{""score"":7,""direction"":""bullish"",""ibs"":0.664,""lt_sentiment"":""BULLISH"",""gex_regime"":""positive"",""day_of_week"":""Monday"",""rth_close"":17725,""consecutive_down"":0,""consecutive_up"":1,""last_hour_return"":-22.75,""exit_time"":""2023-11-14T07:00:00.000Z"",""target_points"":200,""stop_points"":200}"
T000023,OVERNIGHT_SCORING,NQ,buy,1,2023-11-14T23:01:00.000Z,2023-11-14T23:01:00.000Z,0,18083,2023-11-15T07:00:00.000Z,18104.5,time_exit,430,425,5,21.5,0.12,28740000,,,,,,,,,,,,,,,,,,,,,,,,,,BULLISH,,,,,,17876.25,18276.25,34.25,10.75,12.75,"{""score"":7,""direction"":""bullish"",""ibs"":0.689,""lt_sentiment"":""BULLISH"",""gex_regime"":""positive"",""day_of_week"":""Tuesday"",""rth_close"":18056,""consecutive_down"":0,""consecutive_up"":2,""last_hour_return"":-10.75,""exit_time"":""2023-11-15T07:00:00.000Z"",""target_points"":200,""stop_points"":200}"
T000024,OVERNIGHT_SCORING,NQ,buy,1,2023-11-20T23:01:00.000Z,2023-11-20T23:01:00.000Z,0,18263.75,2023-11-21T07:00:00.000Z,18279.25,time_exit,310,305,5,15.5,0.08,28740000,,,,,,,,,,,,,,,,,,,,,,,,,,BULLISH,,,,,,18062,18462,36,1.5,20.5,"{""score"":7,""direction"":""bullish"",""ibs"":0.873,""lt_sentiment"":""BULLISH"",""gex_regime"":""positive"",""day_of_week"":""Monday"",""rth_close"":18265.75,""consecutive_down"":0,""consecutive_up"":2,""last_hour_return"":-6.25,""exit_time"":""2023-11-21T07:00:00.000Z"",""target_points"":200,""stop_points"":200}"
T000025,OVERNIGHT_SCORING,NQ,buy,1,2023-11-23T23:01:00.000Z,2023-11-23T23:01:00.000Z,0,18245.75,2023-11-24T07:00:00.000Z,18225.25,time_exit,-410,-415,5,-20.5,-0.11,28740000,,,,,,,,,,,,,,,,,,,,,,,,,,BULLISH,,,,,,18046.5,18446.5,2.25,24.25,22.75,"{""score"":7,""direction"":""bullish"",""ibs"":0.473,""lt_sentiment"":""BULLISH"",""gex_regime"":""positive"",""day_of_week"":""Thursday"",""rth_close"":18239.75,""consecutive_down"":2,""consecutive_up"":0,""last_hour_return"":0,""exit_time"":""2023-11-24T07:00:00.000Z"",""target_points"":200,""stop_points"":200}"
T000026,OVERNIGHT_SCORING,NQ,buy,1,2023-11-30T02:39:00.000Z,2023-11-30T02:39:00.000Z,0,18226.5,2023-11-30T07:00:00.000Z,18237.25,time_exit,215,210,5,10.75,0.06,15660000,,,,,,,,,,,,,,,,,,,,,,,,,,BULLISH,,,,,,18025.75,18425.75,19.25,3.75,8.5,"{""score"":9,""direction"":""bullish"",""ibs"":0.064,""lt_sentiment"":""BULLISH"",""gex_regime"":""positive"",""day_of_week"":""Wednesday"",""rth_close"":18203.25,""consecutive_down"":0,""consecutive_up"":2,""last_hour_return"":-38.5,""exit_time"":""2023-11-30T07:00:00.000Z"",""target_points"":200,""stop_points"":200}"
T000027,OVERNIGHT_SCORING,NQ,buy,1,2023-12-11T23:16:00.000Z,2023-12-11T23:16:00.000Z,0,18412.5,2023-12-12T07:00:00.000Z,18439.75,time_exit,545,540,5,27.25,0.15,27840000,,,,,,,,,,,,,,,,,,,,,,,,,,BULLISH,,,,,,18213.5,18613.5,40,0.75,12.75,"{""score"":7,""direction"":""bullish"",""ibs"":0.934,""lt_sentiment"":""BULLISH"",""gex_regime"":""positive"",""day_of_week"":""Monday"",""rth_close"":18415.25,""consecutive_down"":0,""consecutive_up"":2,""last_hour_return"":11,""exit_time"":""2023-12-12T07:00:00.000Z"",""target_points"":200,""stop_points"":200}"
T000028,OVERNIGHT_SCORING,NQ,buy,1,2023-12-13T23:01:00.000Z,2023-12-13T23:01:00.000Z,0,18755.25,2023-12-14T07:00:00.000Z,18842.75,time_exit,1750,1745,5,87.5,0.47,28740000,,,,,,,,,,,,,,,,,,,,,,,,,,BULLISH,,,,,,18549,18949,97.25,1,9.75,"{""score"":8,""direction"":""bullish"",""ibs"":0.883,""lt_sentiment"":""BULLISH"",""gex_regime"":""strong_positive"",""day_of_week"":""Wednesday"",""rth_close"":18747,""consecutive_down"":0,""consecutive_up"":4,""last_hour_return"":7,""exit_time"":""2023-12-14T07:00:00.000Z"",""target_points"":200,""stop_points"":200}"
T000029,OVERNIGHT_SCORING,NQ,buy,1,2023-12-14T23:39:00.000Z,2023-12-14T23:39:00.000Z,0,18725,2023-12-15T07:00:00.000Z,18742,time_exit,340,335,5,17,0.09,26460000,,,,,,,,,,,,,,,,,,,,,,,,,,BULLISH,,,,,,18523.25,18923.25,23.75,10.25,6.75,"{""score"":7,""direction"":""bullish"",""ibs"":0.512,""lt_sentiment"":""BULLISH"",""gex_regime"":""strong_positive"",""day_of_week"":""Thursday"",""rth_close"":18723,""consecutive_down"":0,""consecutive_up"":5,""last_hour_return"":18,""exit_time"":""2023-12-15T07:00:00.000Z"",""target_points"":200,""stop_points"":200}"
T000030,OVERNIGHT_SCORING,NQ,buy,1,2023-12-19T03:09:00.000Z,2023-12-19T03:09:00.000Z,0,18897.75,2023-12-19T07:00:00.000Z,18891.75,time_exit,-120,-125,5,-6,-0.03,13860000,,,,,,,,,,,,,,,,,,,,,,,,,,BULLISH,,,,,,18698.75,19098.75,8,12.5,14,"{""score"":7,""direction"":""bullish"",""ibs"":0.747,""lt_sentiment"":""BULLISH"",""gex_regime"":""positive"",""day_of_week"":""Monday"",""rth_close"":18905.75,""consecutive_down"":0,""consecutive_up"":1,""last_hour_return"":-22.75,""exit_time"":""2023-12-19T07:00:00.000Z"",""target_points"":200,""stop_points"":200}"
T000031,OVERNIGHT_SCORING,NQ,buy,1,2023-12-21T04:39:00.000Z,2023-12-21T04:39:00.000Z,0,18801.5,2023-12-21T07:00:00.000Z,18811,time_exit,190,185,5,9.5,0.05,8460000,,,,,,,,,,,,,,,,,,,,,,,,,,BULLISH,,,,,,18600.5,19000.5,14,2.5,4.5,"{""score"":7,""direction"":""bullish"",""ibs"":0.013,""lt_sentiment"":""BULLISH"",""gex_regime"":""positive"",""day_of_week"":""Wednesday"",""rth_close"":18731.75,""consecutive_down"":0,""consecutive_up"":3,""last_hour_return"":-78,""exit_time"":""2023-12-21T07:00:00.000Z"",""target_points"":200,""stop_points"":200}"
T000032,OVERNIGHT_SCORING,NQ,buy,1,2024-01-10T23:01:00.000Z,2024-01-10T23:01:00.000Z,0,18916.25,2024-01-11T07:00:00.000Z,18974.75,time_exit,1170,1165,5,58.5,0.31,28740000,,,,,,,,,,,,,,,,,,,,,,,,,,BULLISH,,,,,,18717.75,19117.75,65.5,4,7,"{""score"":8,""direction"":""bullish"",""ibs"":0.771,""lt_sentiment"":""BULLISH"",""gex_regime"":""positive"",""day_of_week"":""Wednesday"",""rth_close"":18909,""consecutive_down"":0,""consecutive_up"":3,""last_hour_return"":-39,""exit_time"":""2024-01-11T07:00:00.000Z"",""target_points"":200,""stop_points"":200}"
T000033,OVERNIGHT_SCORING,NQ,buy,1,2024-01-23T00:09:00.000Z,2024-01-23T00:09:00.000Z,0,19441,2024-01-23T07:00:00.000Z,19446,time_exit,100,95,5,5,0.03,24660000,,,,,,,,,,,,,,,,,,,,,,,,,,BULLISH,,,,,,19237.25,19637.25,14.25,19.25,9.25,"{""score"":8,""direction"":""bullish"",""ibs"":0.177,""lt_sentiment"":""BULLISH"",""gex_regime"":""positive"",""day_of_week"":""Monday"",""rth_close"":19428.25,""consecutive_down"":0,""consecutive_up"":5,""last_hour_return"":-9,""exit_time"":""2024-01-23T07:00:00.000Z"",""target_points"":200,""stop_points"":200}"
T000034,OVERNIGHT_SCORING,NQ,buy,1,2024-02-05T23:01:00.000Z,2024-02-05T23:01:00.000Z,0,19676.5,2024-02-06T07:00:00.000Z,19703,time_exit,530,525,5,26.5,0.13,28740000,,,,,,,,,,,,,,,,,,,,,,,,,,BULLISH,,,,,,19475.75,19875.75,43,16,16.5,"{""score"":7,""direction"":""bullish"",""ibs"":0.748,""lt_sentiment"":""BULLISH"",""gex_regime"":""positive"",""day_of_week"":""Monday"",""rth_close"":19664.75,""consecutive_down"":0,""consecutive_up"":2,""last_hour_return"":-38.5,""exit_time"":""2024-02-06T07:00:00.000Z"",""target_points"":200,""stop_points"":200}"
T000035,OVERNIGHT_SCORING,NQ,buy,1,2024-02-07T23:01:00.000Z,2024-02-07T23:01:00.000Z,0,19812,2024-02-08T07:00:00.000Z,19820.5,time_exit,170,165,5,8.5,0.04,28740000,,,,,,,,,,,,,,,,,,,,,,,,,,BULLISH,,,,,,19616.75,20016.75,13.25,9.25,4.75,"{""score"":8,""direction"":""bullish"",""ibs"":0.781,""lt_sentiment"":""BULLISH"",""gex_regime"":""positive"",""day_of_week"":""Wednesday"",""rth_close"":19808.75,""consecutive_down"":2,""consecutive_up"":0,""last_hour_return"":-13,""exit_time"":""2024-02-08T07:00:00.000Z"",""target_points"":200,""stop_points"":200}"
T000036,OVERNIGHT_SCORING,NQ,buy,1,2024-03-05T03:39:00.000Z,2024-03-05T03:39:00.000Z,0,20176,2024-03-05T07:00:00.000Z,20149,time_exit,-540,-545,5,-27,-0.13,12060000,,,,,,,,,,,,,,,,,,,,,,,,,,BULLISH,,,,,,19974.5,20374.5,9,41,36,"{""score"":8,""direction"":""bullish"",""ibs"":0.066,""lt_sentiment"":""BULLISH"",""gex_regime"":""positive"",""day_of_week"":""Monday"",""rth_close"":20226,""consecutive_down"":0,""consecutive_up"":2,""last_hour_return"":-72.75,""exit_time"":""2024-03-05T07:00:00.000Z"",""target_points"":200,""stop_points"":200}"
T000037,OVERNIGHT_SCORING,NQ,buy,1,2024-03-11T23:16:00.000Z,2024-03-11T23:16:00.000Z,0,20007.25,2024-03-12T06:00:00.000Z,20056.25,time_exit,980,975,5,49,0.24,24240000,,,,,,,,,,,,,,,,,,,,,,,,,,BULLISH,,,,,,19802.5,20202.5,52.75,7.5,3.75,"{""score"":7,""direction"":""bullish"",""ibs"":0.587,""lt_sentiment"":""BULLISH"",""gex_regime"":""positive"",""day_of_week"":""Monday"",""rth_close"":19934.75,""consecutive_down"":1,""consecutive_up"":0,""last_hour_return"":-31.25,""exit_time"":""2024-03-12T06:00:00.000Z"",""target_points"":200,""stop_points"":200}"
T000038,OVERNIGHT_SCORING,NQ,buy,1,2024-03-13T23:09:00.000Z,2024-03-13T23:09:00.000Z,0,20085.5,2024-03-14T06:00:00.000Z,20099.25,time_exit,275,270,5,13.75,0.07,24660000,,,,,,,,,,,,,,,,,,,,,,,,,,BULLISH,,,,,,19885.5,20285.5,20.25,13,6.5,"{""score"":7,""direction"":""bullish"",""ibs"":0.329,""lt_sentiment"":""BULLISH"",""gex_regime"":""positive"",""day_of_week"":""Wednesday"",""rth_close"":20049,""consecutive_down"":0,""consecutive_up"":1,""last_hour_return"":-49,""exit_time"":""2024-03-14T06:00:00.000Z"",""target_points"":200,""stop_points"":200}"
T000039,OVERNIGHT_SCORING,NQ,buy,1,2024-03-25T22:01:00.000Z,2024-03-25T22:01:00.000Z,0,20254.25,2024-03-26T06:00:00.000Z,20264.25,time_exit,200,195,5,10,0.05,28740000,,,,,,,,,,,,,,,,,,,,,,,,,,BULLISH,,,,,,20054,20454,20.25,19,10.25,"{""score"":7,""direction"":""bullish"",""ibs"":0.604,""lt_sentiment"":""BULLISH"",""gex_regime"":""positive"",""day_of_week"":""Monday"",""rth_close"":20228,""consecutive_down"":0,""consecutive_up"":1,""last_hour_return"":-58.5,""exit_time"":""2024-03-26T06:00:00.000Z"",""target_points"":200,""stop_points"":200}"
T000040,OVERNIGHT_SCORING,NQ,buy,1,2024-04-18T00:09:00.000Z,2024-04-18T00:09:00.000Z,0,19405.25,2024-04-18T06:00:00.000Z,19466.75,time_exit,1230,1225,5,61.5,0.32,21060000,,,,,,,,,,,,,,,,,,,,,,,,,,BULLISH,,,,,,19199.75,19599.75,68.75,5.25,7.25,"{""score"":7,""direction"":""bullish"",""ibs"":0.113,""lt_sentiment"":""BULLISH"",""gex_regime"":""negative"",""day_of_week"":""Wednesday"",""rth_close"":19372.75,""consecutive_down"":0,""consecutive_up"":1,""last_hour_return"":-48.75,""exit_time"":""2024-04-18T06:00:00.000Z"",""target_points"":200,""stop_points"":200}"
T000041,OVERNIGHT_SCORING,NQ,sell,1,2024-04-24T22:01:00.000Z,2024-04-24T22:01:00.000Z,0,19175.75,2024-04-25T06:00:00.000Z,19135.5,time_exit,805,800,5,40.25,0.21,28740000,,,,,,,,,,,,,,,,,,,,,,,,,,BEARISH,,,,,,19376.5,18976.5,42.25,37.25,2,"{""score"":8,""direction"":""bearish"",""ibs"":0.399,""lt_sentiment"":""BEARISH"",""gex_regime"":""negative"",""day_of_week"":""Wednesday"",""rth_close"":19376.75,""consecutive_down"":0,""consecutive_up"":2,""last_hour_return"":45.5,""exit_time"":""2024-04-25T06:00:00.000Z"",""target_points"":200,""stop_points"":200}"
T000042,OVERNIGHT_SCORING,NQ,buy,1,2024-05-14T22:16:00.000Z,2024-05-14T22:16:00.000Z,0,20136.25,2024-05-15T06:00:00.000Z,20132.5,time_exit,-75,-80,5,-3.75,-0.02,27840000,,,,,,,,,,,,,,,,,,,,,,,,,,BULLISH,,,,,,19934.5,20334.5,20.5,18,24.25,"{""score"":7,""direction"":""bullish"",""ibs"":0.87,""lt_sentiment"":""BULLISH"",""gex_regime"":""positive"",""day_of_week"":""Tuesday"",""rth_close"":20129.75,""consecutive_down"":2,""consecutive_up"":0,""last_hour_return"":1.5,""exit_time"":""2024-05-15T06:00:00.000Z"",""target_points"":200,""stop_points"":200}"
T000043,OVERNIGHT_SCORING,NQ,buy,1,2024-05-15T22:01:00.000Z,2024-05-15T22:01:00.000Z,0,20411.75,2024-05-16T06:00:00.000Z,20435,time_exit,465,460,5,23.25,0.11,28740000,,,,,,,,,,,,,,,,,,,,,,,,,,BULLISH,,,,,,20211,20611,45.5,5.75,22.25,"{""score"":8,""direction"":""bullish"",""ibs"":0.945,""lt_sentiment"":""BULLISH"",""gex_regime"":""strong_positive"",""day_of_week"":""Wednesday"",""rth_close"":20411.25,""consecutive_down"":0,""consecutive_up"":1,""last_hour_return"":7.5,""exit_time"":""2024-05-16T06:00:00.000Z"",""target_points"":200,""stop_points"":200}"
T000044,OVERNIGHT_SCORING,NQ,buy,1,2024-05-20T22:01:00.000Z,2024-05-20T22:01:00.000Z,0,20472.75,2024-05-21T06:00:00.000Z,20465.75,time_exit,-140,-145,5,-7,-0.03,28740000,,,,,,,,,,,,,,,,,,,,,,,,,,BULLISH,,,,,,20270,20670,5.25,13.25,12.25,"{""score"":7,""direction"":""bullish"",""ibs"":0.823,""lt_sentiment"":""BULLISH"",""gex_regime"":""positive"",""day_of_week"":""Monday"",""rth_close"":20484.75,""consecutive_down"":2,""consecutive_up"":0,""last_hour_return"":17.5,""exit_time"":""2024-05-21T06:00:00.000Z"",""target_points"":200,""stop_points"":200}"
T000045,OVERNIGHT_SCORING,NQ,buy,1,2024-05-22T22:01:00.000Z,2024-05-22T22:01:00.000Z,0,20587.25,2024-05-23T06:00:00.000Z,20667,time_exit,1595,1590,5,79.75,0.39,28740000,,,,,,,,,,,,,,,,,,,,,,,,,,BULLISH,,,,,,20387.25,20787.25,101.75,25.5,22,"{""score"":8,""direction"":""bullish"",""ibs"":0.709,""lt_sentiment"":""BULLISH"",""gex_regime"":""positive"",""day_of_week"":""Wednesday"",""rth_close"":20512.25,""consecutive_down"":0,""consecutive_up"":2,""last_hour_return"":63.75,""exit_time"":""2024-05-23T06:00:00.000Z"",""target_points"":200,""stop_points"":200}"
T000046,OVERNIGHT_SCORING,NQ,buy,1,2024-06-05T22:01:00.000Z,2024-06-05T22:01:00.000Z,0,20795.75,2024-06-06T06:00:00.000Z,20802.25,time_exit,130,125,5,6.5,0.03,28740000,,,,,,,,,,,,,,,,,,,,,,,,,,BULLISH,,,,,,20595.25,20995.25,34,9.5,27.5,"{""score"":8,""direction"":""bullish"",""ibs"":0.993,""lt_sentiment"":""BULLISH"",""gex_regime"":""strong_positive"",""day_of_week"":""Wednesday"",""rth_close"":20796,""consecutive_down"":0,""consecutive_up"":1,""last_hour_return"":40.25,""exit_time"":""2024-06-06T06:00:00.000Z"",""target_points"":200,""stop_points"":200}"
T000047,OVERNIGHT_SCORING,NQ,buy,1,2024-06-07T00:24:00.000Z,2024-06-07T00:24:00.000Z,0,20793,2024-06-07T06:00:00.000Z,20809.5,time_exit,330,325,5,16.5,0.08,20160000,,,,,,,,,,,,,,,,,,,,,,,,,,BULLISH,,,,,,20590,20990,25.75,5.5,9.25,"{""score"":7,""direction"":""bullish"",""ibs"":0.492,""lt_sentiment"":""BULLISH"",""gex_regime"":""strong_positive"",""day_of_week"":""Thursday"",""rth_close"":20784.25,""consecutive_down"":0,""consecutive_up"":2,""last_hour_return"":-0.25,""exit_time"":""2024-06-07T06:00:00.000Z"",""target_points"":200,""stop_points"":200}"
T000048,OVERNIGHT_SCORING,NQ,buy,1,2024-06-10T22:01:00.000Z,2024-06-10T22:01:00.000Z,0,20818.75,2024-06-11T06:00:00.000Z,20826.5,time_exit,155,150,5,7.75,0.04,28740000,,,,,,,,,,,,,,,,,,,,,,,,,,BULLISH,,,,,,20618.25,21018.25,5.75,24.25,-2,"{""score"":7,""direction"":""bullish"",""ibs"":0.887,""lt_sentiment"":""BULLISH"",""gex_regime"":""positive"",""day_of_week"":""Monday"",""rth_close"":20831,""consecutive_down"":0,""consecutive_up"":1,""last_hour_return"":35.5,""exit_time"":""2024-06-11T06:00:00.000Z"",""target_points"":200,""stop_points"":200}"
T000049,OVERNIGHT_SCORING,NQ,buy,1,2024-06-11T22:01:00.000Z,2024-06-11T22:01:00.000Z,0,20959,2024-06-12T06:00:00.000Z,20981,time_exit,440,435,5,22,0.1,28740000,,,,,,,,,,,,,,,,,,,,,,,,,,BULLISH,,,,,,20757.25,21157.25,29.25,7,7.25,"{""score"":7,""direction"":""bullish"",""ibs"":0.978,""lt_sentiment"":""BULLISH"",""gex_regime"":""strong_positive"",""day_of_week"":""Tuesday"",""rth_close"":20960.5,""consecutive_down"":0,""consecutive_up"":2,""last_hour_return"":31.75,""exit_time"":""2024-06-12T06:00:00.000Z"",""target_points"":200,""stop_points"":200}"
T000050,OVERNIGHT_SCORING,NQ,buy,1,2024-06-12T22:01:00.000Z,2024-06-12T22:01:00.000Z,0,21309.5,2024-06-13T06:00:00.000Z,21346.25,time_exit,735,730,5,36.75,0.17,28740000,,,,,,,,,,,,,,,,,,,,,,,,,,BULLISH,,,,,,21110,21510,49.5,8.75,12.75,"{""score"":9,""direction"":""bullish"",""ibs"":0.549,""lt_sentiment"":""BULLISH"",""gex_regime"":""strong_positive"",""day_of_week"":""Wednesday"",""rth_close"":21210.75,""consecutive_down"":0,""consecutive_up"":3,""last_hour_return"":-26,""exit_time"":""2024-06-13T06:00:00.000Z"",""target_points"":200,""stop_points"":200}"
T000051,OVERNIGHT_SCORING,NQ,buy,1,2024-06-13T22:01:00.000Z,2024-06-13T22:01:00.000Z,0,21313.5,2024-06-14T06:00:00.000Z,21361.75,time_exit,965,960,5,48.25,0.23,28740000,,,,,,,,,,,,,,,,,,,,,,,,,,BULLISH,,,,,,21115.75,21515.75,52,2.5,3.75,"{""score"":7,""direction"":""bullish"",""ibs"":0.566,""lt_sentiment"":""BULLISH"",""gex_regime"":""strong_positive"",""day_of_week"":""Thursday"",""rth_close"":21311,""consecutive_down"":0,""consecutive_up"":4,""last_hour_return"":-6.75,""exit_time"":""2024-06-14T06:00:00.000Z"",""target_points"":200,""stop_points"":200}"
T000052,OVERNIGHT_SCORING,NQ,buy,1,2024-06-17T22:01:00.000Z,2024-06-17T22:01:00.000Z,0,21652,2024-06-18T06:00:00.000Z,21652.25,time_exit,5,0,5,0.25,0,28740000,,,,,,,,,,,,,,,,,,,,,,,,,,BULLISH,,,,,,21445.5,21845.5,24.25,36.25,24,"{""score"":9,""direction"":""bullish"",""ibs"":0.796,""lt_sentiment"":""BULLISH"",""gex_regime"":""strong_positive"",""day_of_week"":""Monday"",""rth_close"":21654.25,""consecutive_down"":0,""consecutive_up"":1,""last_hour_return"":-40,""exit_time"":""2024-06-18T06:00:00.000Z"",""target_points"":200,""stop_points"":200}"
T000053,OVERNIGHT_SCORING,NQ,buy,1,2024-06-20T00:39:00.000Z,2024-06-20T00:39:00.000Z,0,21706.25,2024-06-20T06:00:00.000Z,21780,time_exit,1475,1470,5,73.75,0.34,19260000,,,,,,,,,,,,,,,,,,,,,,,,,,BULLISH,,,,,,21505.25,21905.25,85,4.25,11.25,"{""score"":8,""direction"":""bullish"",""ibs"":0.259,""lt_sentiment"":""BULLISH"",""gex_regime"":""positive"",""day_of_week"":""Wednesday"",""rth_close"":21688.75,""consecutive_down"":0,""consecutive_up"":3,""last_hour_return"":0,""exit_time"":""2024-06-20T06:00:00.000Z"",""target_points"":200,""stop_points"":200}"
T000054,OVERNIGHT_SCORING,NQ,buy,1,2024-06-25T02:54:00.000Z,2024-06-25T02:54:00.000Z,0,21239.75,2024-06-25T06:00:00.000Z,21259.75,time_exit,400,395,5,20,0.09,11160000,,,,,,,,,,,,,,,,,,,,,,,,,,BULLISH,,,,,,21039.75,21439.75,28.5,2,8.5,"{""score"":7,""direction"":""bullish"",""ibs"":0.017,""lt_sentiment"":""BULLISH"",""gex_regime"":""neutral"",""day_of_week"":""Monday"",""rth_close"":21202.5,""consecutive_down"":3,""consecutive_up"":0,""last_hour_return"":-75.75,""exit_time"":""2024-06-25T06:00:00.000Z"",""target_points"":200,""stop_points"":200}"
T000055,OVERNIGHT_SCORING,NQ,buy,1,2024-07-03T22:01:00.000Z,2024-07-03T22:01:00.000Z,0,21864,2024-07-04T06:00:00.000Z,21865,time_exit,20,15,5,1,0,28740000,,,,,,,,,,,,,,,,,,,,,,,,,,BULLISH,,,,,,21662.75,22062.75,11,16,10,"{""score"":7,""direction"":""bullish"",""ibs"":0.928,""lt_sentiment"":""BULLISH"",""gex_regime"":""positive"",""day_of_week"":""Wednesday"",""rth_close"":21877.25,""consecutive_down"":0,""consecutive_up"":2,""last_hour_return"":0,""exit_time"":""2024-07-04T06:00:00.000Z"",""target_points"":200,""stop_points"":200}"
T000056,OVERNIGHT_SCORING,NQ,buy,1,2024-07-10T22:01:00.000Z,2024-07-10T22:01:00.000Z,0,22352.75,2024-07-11T06:00:00.000Z,22329.25,time_exit,-470,-475,5,-23.5,-0.11,28740000,,,,,,,,,,,,,,,,,,,,,,,,,,BULLISH,,,,,,22150,22550,4,41.75,27.5,"{""score"":7,""direction"":""bullish"",""ibs"":0.896,""lt_sentiment"":""BULLISH"",""gex_regime"":""positive"",""day_of_week"":""Wednesday"",""rth_close"":22352.25,""consecutive_down"":1,""consecutive_up"":0,""last_hour_return"":15,""exit_time"":""2024-07-11T06:00:00.000Z"",""target_points"":200,""stop_points"":200}"
T000057,OVERNIGHT_SCORING,NQ,buy,1,2024-07-16T02:09:00.000Z,2024-07-16T02:09:00.000Z,0,22104.25,2024-07-16T06:00:00.000Z,22095,time_exit,-185,-190,5,-9.25,-0.04,13860000,,,,,,,,,,,,,,,,,,,,,,,,,,BULLISH,,,,,,21902,22302,8.5,13,17.75,"{""score"":8,""direction"":""bullish"",""ibs"":0.299,""lt_sentiment"":""BULLISH"",""gex_regime"":""positive"",""day_of_week"":""Monday"",""rth_close"":22051,""consecutive_down"":0,""consecutive_up"":1,""last_hour_return"":-24.25,""exit_time"":""2024-07-16T06:00:00.000Z"",""target_points"":200,""stop_points"":200}"
T000058,OVERNIGHT_SCORING,NQ,buy,1,2024-07-31T22:01:00.000Z,2024-07-31T22:01:00.000Z,0,21069.75,2024-08-01T06:00:00.000Z,21136,time_exit,1325,1320,5,66.25,0.31,28740000,,,,,,,,,,,,,,,,,,,,,,,,,,BULLISH,,,,,,20849,21249,105,8.25,38.75,"{""score"":7,""direction"":""bullish"",""ibs"":0.708,""lt_sentiment"":""BULLISH"",""gex_regime"":""positive"",""day_of_week"":""Wednesday"",""rth_close"":20954.25,""consecutive_down"":2,""consecutive_up"":0,""last_hour_return"":-57.75,""exit_time"":""2024-08-01T06:00:00.000Z"",""target_points"":200,""stop_points"":200}"
T000059,OVERNIGHT_SCORING,NQ,sell,1,2024-09-10T03:24:00.000Z,2024-09-10T03:24:00.000Z,0,20105.75,2024-09-10T06:00:00.000Z,20080.25,time_exit,510,505,5,25.5,0.13,9360000,,,,,,,,,,,,,,,,,,,,,,,,,,BEARISH,,,,,,20306.25,19906.25,36.5,16,11,"{""score"":7,""direction"":""bearish"",""ibs"":0.822,""lt_sentiment"":""BEARISH"",""gex_regime"":""negative"",""day_of_week"":""Monday"",""rth_close"":20146.25,""consecutive_down"":1,""consecutive_up"":0,""last_hour_return"":84.5,""exit_time"":""2024-09-10T06:00:00.000Z"",""target_points"":200,""stop_points"":200}"
T000060,OVERNIGHT_SCORING,NQ,buy,1,2024-09-18T22:01:00.000Z,2024-09-18T22:01:00.000Z,0,20863.5,2024-09-19T00:02:00.000Z,21065.25,take_profit,4035,4030,5,201.75,0.97,7260000,,,,,,,,,,,,,,,,,,,,,,,,,,BULLISH,,,,,,20665.5,21065.5,202.75,2.25,1,"{""score"":8,""direction"":""bullish"",""ibs"":0.075,""lt_sentiment"":""BULLISH"",""gex_regime"":""positive"",""day_of_week"":""Wednesday"",""rth_close"":20804.25,""consecutive_down"":2,""consecutive_up"":0,""last_hour_return"":-137.5,""exit_time"":""2024-09-19T06:00:00.000Z"",""target_points"":200,""stop_points"":200}"
T000061,OVERNIGHT_SCORING,NQ,sell,1,2024-10-07T22:31:00.000Z,2024-10-07T22:31:00.000Z,0,21226.25,2024-10-08T06:00:00.000Z,21204,time_exit,445,440,5,22.25,0.1,26940000,,,,,,,,,,,,,,,,,,,,,,,,,,BEARISH,,,,,,21429,21029,103.25,25,81,"{""score"":7,""direction"":""bearish"",""ibs"":0.213,""lt_sentiment"":""BEARISH"",""gex_regime"":""negative"",""day_of_week"":""Monday"",""rth_close"":21219.5,""consecutive_down"":0,""consecutive_up"":3,""last_hour_return"":29.5,""exit_time"":""2024-10-08T06:00:00.000Z"",""target_points"":200,""stop_points"":200}"
T000062,OVERNIGHT_SCORING,NQ,buy,1,2024-10-29T01:09:00.000Z,2024-10-29T01:09:00.000Z,0,21727.5,2024-10-29T06:00:00.000Z,21730.25,time_exit,55,50,5,2.75,0.01,17460000,,,,,,,,,,,,,,,,,,,,,,,,,,BULLISH,,,,,,21525.5,21925.5,12.5,56,9.75,"{""score"":8,""direction"":""bullish"",""ibs"":0.103,""lt_sentiment"":""BULLISH"",""gex_regime"":""positive"",""day_of_week"":""Monday"",""rth_close"":21721,""consecutive_down"":0,""consecutive_up"":2,""last_hour_return"":-23,""exit_time"":""2024-10-29T06:00:00.000Z"",""target_points"":200,""stop_points"":200}"
T000063,OVERNIGHT_SCORING,NQ,sell,1,2024-11-20T23:01:00.000Z,2024-11-20T23:01:00.000Z,0,21939,2024-11-21T07:00:00.000Z,21914.5,time_exit,490,485,5,24.5,0.11,28740000,,,,,,,,,,,,,,,,,,,,,,,,,,BEARISH,,,,,,22143.5,21743.5,98.25,43.75,73.75,"{""score"":7,""direction"":""bearish"",""ibs"":0.957,""lt_sentiment"":""BEARISH"",""gex_regime"":""neutral"",""day_of_week"":""Wednesday"",""rth_close"":21972.75,""consecutive_down"":0,""consecutive_up"":2,""last_hour_return"":143.25,""exit_time"":""2024-11-21T07:00:00.000Z"",""target_points"":200,""stop_points"":200}"
T000064,OVERNIGHT_SCORING,NQ,buy,1,2024-12-04T23:01:00.000Z,2024-12-04T23:01:00.000Z,0,22729,2024-12-05T07:00:00.000Z,22718.75,time_exit,-205,-210,5,-10.25,-0.05,28740000,,,,,,,,,,,,,,,,,,,,,,,,,,BULLISH,,,,,,22527.25,22927.25,15.25,13,25.5,"{""score"":8,""direction"":""bullish"",""ibs"":0.931,""lt_sentiment"":""BULLISH"",""gex_regime"":""strong_positive"",""day_of_week"":""Wednesday"",""rth_close"":22758,""consecutive_down"":0,""consecutive_up"":4,""last_hour_return"":25.5,""exit_time"":""2024-12-05T07:00:00.000Z"",""target_points"":200,""stop_points"":200}"
T000065,OVERNIGHT_SCORING,NQ,buy,1,2024-12-10T03:24:00.000Z,2024-12-10T03:24:00.000Z,0,22692.25,2024-12-10T07:00:00.000Z,22681,time_exit,-225,-230,5,-11.25,-0.05,12960000,,,,,,,,,,,,,,,,,,,,,,,,,,BULLISH,,,,,,22490.5,22890.5,5.25,19,16.5,"{""score"":7,""direction"":""bullish"",""ibs"":0.233,""lt_sentiment"":""BULLISH"",""gex_regime"":""positive"",""day_of_week"":""Monday"",""rth_close"":22706,""consecutive_down"":0,""consecutive_up"":1,""last_hour_return"":9.25,""exit_time"":""2024-12-10T07:00:00.000Z"",""target_points"":200,""stop_points"":200}"
T000066,OVERNIGHT_SCORING,NQ,buy,1,2024-12-11T23:01:00.000Z,2024-12-11T23:01:00.000Z,0,22970.25,2024-12-12T07:00:00.000Z,22975.5,time_exit,105,100,5,5.25,0.02,28740000,,,,,,,,,,,,,,,,,,,,,,,,,,BULLISH,,,,,,22777.75,23177.75,22.75,7.25,17.5,"{""score"":9,""direction"":""bullish"",""ibs"":0.886,""lt_sentiment"":""BULLISH"",""gex_regime"":""strong_positive"",""day_of_week"":""Wednesday"",""rth_close"":23012.25,""consecutive_down"":2,""consecutive_up"":0,""last_hour_return"":-8,""exit_time"":""2024-12-12T07:00:00.000Z"",""target_points"":200,""stop_points"":200}"
T000067,OVERNIGHT_SCORING,NQ,buy,1,2024-12-12T23:01:00.000Z,2024-12-12T23:01:00.000Z,0,22949.25,2024-12-13T07:00:00.000Z,22967.25,time_exit,360,355,5,18,0.08,28740000,,,,,,,,,,,,,,,,,,,,,,,,,,BULLISH,,,,,,22752.75,23152.75,40.25,30.75,22.25,"{""score"":7,""direction"":""bullish"",""ibs"":0.154,""lt_sentiment"":""BULLISH"",""gex_regime"":""positive"",""day_of_week"":""Thursday"",""rth_close"":22863.75,""consecutive_down"":0,""consecutive_up"":1,""last_hour_return"":-41,""exit_time"":""2024-12-13T07:00:00.000Z"",""target_points"":200,""stop_points"":200}"
T000068,OVERNIGHT_SCORING,NQ,buy,1,2024-12-16T23:01:00.000Z,2024-12-16T23:01:00.000Z,0,23333,2024-12-17T07:00:00.000Z,23318.25,time_exit,-295,-300,5,-14.75,-0.06,28740000,,,,,,,,,,,,,,,,,,,,,,,,,,BULLISH,,,,,,23129.75,23529.75,15.75,32.25,30.5,"{""score"":8,""direction"":""bullish"",""ibs"":0.84,""lt_sentiment"":""BULLISH"",""gex_regime"":""strong_positive"",""day_of_week"":""Monday"",""rth_close"":23332,""consecutive_down"":0,""consecutive_up"":1,""last_hour_return"":-13.5,""exit_time"":""2024-12-17T07:00:00.000Z"",""target_points"":200,""stop_points"":200}"
T000069,OVERNIGHT_SCORING,NQ,sell,1,2025-01-09T00:24:00.000Z,2025-01-09T00:24:00.000Z,0,22236.25,2025-01-09T07:00:00.000Z,22232,time_exit,85,80,5,4.25,0.02,23760000,,,,,,,,,,,,,,,,,,,,,,,,,,BEARISH,,,,,,22435.75,22035.75,42.25,34,38,"{""score"":7,""direction"":""bearish"",""ibs"":0.731,""lt_sentiment"":""BEARISH"",""gex_regime"":""negative"",""day_of_week"":""Wednesday"",""rth_close"":22283.25,""consecutive_down"":1,""consecutive_up"":0,""last_hour_return"":23,""exit_time"":""2025-01-09T07:00:00.000Z"",""target_points"":200,""stop_points"":200}"
T000070,OVERNIGHT_SCORING,NQ,buy,1,2025-02-18T02:24:00.000Z,2025-02-18T02:24:00.000Z,0,23164.75,2025-02-18T07:00:00.000Z,23227.75,time_exit,1260,1255,5,63,0.27,16560000,,,,,,,,,,,,,,,,,,,,,,,,,,BULLISH,,,,,,22962.25,23362.25,61.5,3.75,-1.5,"{""score"":7,""direction"":""bullish"",""ibs"":0.722,""lt_sentiment"":""BULLISH"",""gex_regime"":""positive"",""day_of_week"":""Monday"",""rth_close"":23158.25,""consecutive_down"":0,""consecutive_up"":5,""last_hour_return"":0,""exit_time"":""2025-02-18T07:00:00.000Z"",""target_points"":200,""stop_points"":200}"
T000071,OVERNIGHT_SCORING,NQ,buy,1,2025-02-19T23:01:00.000Z,2025-02-19T23:01:00.000Z,0,23149.75,2025-02-20T07:00:00.000Z,23077.75,time_exit,-1440,-1445,5,-72,-0.31,28740000,,,,,,,,,,,,,,,,,,,,,,,,,,BULLISH,,,,,,22950.25,23350.25,8.75,82.75,80.75,"{""score"":9,""direction"":""bullish"",""ibs"":0.71,""lt_sentiment"":""BULLISH"",""gex_regime"":""positive"",""day_of_week"":""Wednesday"",""rth_close"":23170,""consecutive_down"":2,""consecutive_up"":0,""last_hour_return"":-48.25,""exit_time"":""2025-02-20T07:00:00.000Z"",""target_points"":200,""stop_points"":200}"
T000072,OVERNIGHT_SCORING,NQ,buy,1,2025-02-25T02:24:00.000Z,2025-02-25T02:24:00.000Z,0,22348.25,2025-02-25T07:00:00.000Z,22342,time_exit,-125,-130,5,-6.25,-0.03,16560000,,,,,,,,,,,,,,,,,,,,,,,,,,BULLISH,,,,,,22140,22540,19.75,16,26,"{""score"":7,""direction"":""bullish"",""ibs"":0.031,""lt_sentiment"":""BULLISH"",""gex_regime"":""negative"",""day_of_week"":""Monday"",""rth_close"":22344,""consecutive_down"":2,""consecutive_up"":0,""last_hour_return"":-132.75,""exit_time"":""2025-02-25T07:00:00.000Z"",""target_points"":200,""stop_points"":200}"
T000073,OVERNIGHT_SCORING,NQ,sell,1,2025-02-26T23:01:00.000Z,2025-02-26T23:01:00.000Z,0,22166,2025-02-27T07:00:00.000Z,22203,time_exit,-740,-745,5,-37,-0.17,28740000,,,,,,,,,,,,,,,,,,,,,,,,,,BEARISH,,,,,,22373.25,21973.25,135,52,172,"{""score"":7,""direction"":""bearish"",""ibs"":0.368,""lt_sentiment"":""BEARISH"",""gex_regime"":""negative"",""day_of_week"":""Wednesday"",""rth_close"":22114.25,""consecutive_down"":4,""consecutive_up"":0,""last_hour_return"":97.25,""exit_time"":""2025-02-27T07:00:00.000Z"",""target_points"":200,""stop_points"":200}"
T000074,OVERNIGHT_SCORING,NQ,sell,1,2025-03-10T22:01:00.000Z,2025-03-10T22:01:00.000Z,0,20372.5,2025-03-10T23:35:00.000Z,20164,take_profit,4170,4165,5,208.5,1.02,5640000,,,,,,,,,,,,,,,,,,,,,,,,,,BEARISH,,,,,,20563.75,20163.75,220.25,12,11.75,"{""score"":8,""direction"":""bearish"",""ibs"":0.302,""lt_sentiment"":""BEARISH"",""gex_regime"":""negative"",""day_of_week"":""Monday"",""rth_close"":20386.5,""consecutive_down"":0,""consecutive_up"":1,""last_hour_return"":125,""exit_time"":""2025-03-11T06:00:00.000Z"",""target_points"":200,""stop_points"":200}"
T000075,OVERNIGHT_SCORING,NQ,sell,1,2025-04-02T22:03:00.000Z,2025-04-02T22:03:00.000Z,0,19713.5,2025-04-03T06:00:00.000Z,19741.25,time_exit,-555,-560,5,-27.75,-0.14,28620000,,,,,,,,,,,,,,,,,,,,,,,,,,BEARISH,,,,,,19879.25,19479.25,180,151.25,207.75,"{""score"":11,""direction"":""bearish"",""ibs"":0.749,""lt_sentiment"":""BEARISH"",""gex_regime"":""strong_negative"",""day_of_week"":""Wednesday"",""rth_close"":20461,""consecutive_down"":0,""consecutive_up"":2,""last_hour_return"":138.5,""exit_time"":""2025-04-03T06:00:00.000Z"",""target_points"":200,""stop_points"":200}"
T000076,OVERNIGHT_SCORING,NQ,buy,1,2025-05-12T22:01:00.000Z,2025-05-12T22:01:00.000Z,0,21654.25,2025-05-13T06:00:00.000Z,21574.25,time_exit,-1600,-1605,5,-80,-0.37,28740000,,,,,,,,,,,,,,,,,,,,,,,,,,BULLISH,,,,,,21449.75,21849.75,28.25,121.75,108.25,"{""score"":7,""direction"":""bullish"",""ibs"":0.983,""lt_sentiment"":""BULLISH"",""gex_regime"":""positive"",""day_of_week"":""Monday"",""rth_close"":21664.25,""consecutive_down"":2,""consecutive_up"":0,""last_hour_return"":53.75,""exit_time"":""2025-05-13T06:00:00.000Z"",""target_points"":200,""stop_points"":200}"
T000077,OVERNIGHT_SCORING,NQ,buy,1,2025-05-13T22:01:00.000Z,2025-05-13T22:01:00.000Z,0,21976,2025-05-14T06:00:00.000Z,22033,time_exit,1140,1135,5,57,0.26,28740000,,,,,,,,,,,,,,,,,,,,,,,,,,BULLISH,,,,,,21777.5,22177.5,62,14.75,5,"{""score"":7,""direction"":""bullish"",""ibs"":0.797,""lt_sentiment"":""BULLISH"",""gex_regime"":""positive"",""day_of_week"":""Tuesday"",""rth_close"":21985.25,""consecutive_down"":0,""consecutive_up"":1,""last_hour_return"":-56,""exit_time"":""2025-05-14T06:00:00.000Z"",""target_points"":200,""stop_points"":200}"
T000078,OVERNIGHT_SCORING,NQ,buy,1,2025-05-28T22:01:00.000Z,2025-05-28T22:01:00.000Z,0,22205,2025-05-28T23:08:00.000Z,22409.25,take_profit,4085,4080,5,204.25,0.92,4020000,,,,,,,,,,,,,,,,,,,,,,,,,,BULLISH,,,,,,22009.5,22409.5,205.5,0,1.25,"{""score"":7,""direction"":""bullish"",""ibs"":0.108,""lt_sentiment"":""BULLISH"",""gex_regime"":""positive"",""day_of_week"":""Wednesday"",""rth_close"":22087,""consecutive_down"":0,""consecutive_up"":4,""last_hour_return"":-95.75,""exit_time"":""2025-05-29T06:00:00.000Z"",""target_points"":200,""stop_points"":200}"
T000079,OVERNIGHT_SCORING,NQ,buy,1,2025-06-04T22:01:00.000Z,2025-06-04T22:01:00.000Z,0,22453.25,2025-06-05T06:00:00.000Z,22444.75,time_exit,-170,-175,5,-8.5,-0.04,28740000,,,,,,,,,,,,,,,,,,,,,,,,,,BULLISH,,,,,,22250.5,22650.5,33.75,14,42.25,"{""score"":8,""direction"":""bullish"",""ibs"":0.718,""lt_sentiment"":""BULLISH"",""gex_regime"":""positive"",""day_of_week"":""Wednesday"",""rth_close"":22471.75,""consecutive_down"":0,""consecutive_up"":2,""last_hour_return"":-25.75,""exit_time"":""2025-06-05T06:00:00.000Z"",""target_points"":200,""stop_points"":200}"
T000080,OVERNIGHT_SCORING,NQ,buy,1,2025-06-10T01:09:00.000Z,2025-06-10T01:09:00.000Z,0,22589,2025-06-10T06:00:00.000Z,22546.5,time_exit,-850,-855,5,-42.5,-0.19,17460000,,,,,,,,,,,,,,,,,,,,,,,,,,BULLISH,,,,,,22387,22787,98.75,118,141.25,"{""score"":9,""direction"":""bullish"",""ibs"":0.486,""lt_sentiment"":""BULLISH"",""gex_regime"":""positive"",""day_of_week"":""Monday"",""rth_close"":22533.25,""consecutive_down"":2,""consecutive_up"":0,""last_hour_return"":-51,""exit_time"":""2025-06-10T06:00:00.000Z"",""target_points"":200,""stop_points"":200}"
T000081,OVERNIGHT_SCORING,NQ,buy,1,2025-06-25T22:01:00.000Z,2025-06-25T22:01:00.000Z,0,22958,2025-06-26T06:00:00.000Z,23006.75,time_exit,975,970,5,48.75,0.21,28740000,,,,,,,,,,,,,,,,,,,,,,,,,,BULLISH,,,,,,22756.75,23156.75,51,24.25,2.25,"{""score"":7,""direction"":""bullish"",""ibs"":0.468,""lt_sentiment"":""BULLISH"",""gex_regime"":""positive"",""day_of_week"":""Wednesday"",""rth_close"":22959.25,""consecutive_down"":0,""consecutive_up"":2,""last_hour_return"":42.75,""exit_time"":""2025-06-26T06:00:00.000Z"",""target_points"":200,""stop_points"":200}"
T000082,OVERNIGHT_SCORING,NQ,buy,1,2025-06-30T22:01:00.000Z,2025-06-30T22:01:00.000Z,0,23360.25,2025-07-01T06:00:00.000Z,23339.25,time_exit,-420,-425,5,-21,-0.09,28740000,,,,,,,,,,,,,,,,,,,,,,,,,,BULLISH,,,,,,23155.75,23555.75,50.5,27,71.5,"{""score"":7,""direction"":""bullish"",""ibs"":0.68,""lt_sentiment"":""BULLISH"",""gex_regime"":""positive"",""day_of_week"":""Monday"",""rth_close"":23381.5,""consecutive_down"":0,""consecutive_up"":2,""last_hour_return"":36.25,""exit_time"":""2025-07-01T06:00:00.000Z"",""target_points"":200,""stop_points"":200}"
T000083,OVERNIGHT_SCORING,NQ,buy,1,2025-07-09T22:01:00.000Z,2025-07-09T22:01:00.000Z,0,23535.75,2025-07-10T06:00:00.000Z,23489.75,time_exit,-920,-925,5,-46,-0.2,28740000,,,,,,,,,,,,,,,,,,,,,,,,,,BULLISH,,,,,,23331.25,23731.25,25.5,63.25,71.5,"{""score"":9,""direction"":""bullish"",""ibs"":0.683,""lt_sentiment"":""BULLISH"",""gex_regime"":""positive"",""day_of_week"":""Wednesday"",""rth_close"":23547,""consecutive_down"":3,""consecutive_up"":0,""last_hour_return"":18.5,""exit_time"":""2025-07-10T06:00:00.000Z"",""target_points"":200,""stop_points"":200}"
T000084,OVERNIGHT_SCORING,NQ,sell,1,2025-07-24T03:39:00.000Z,2025-07-24T03:39:00.000Z,0,23892.5,2025-07-24T06:00:00.000Z,23872.25,time_exit,405,400,5,20.25,0.08,8460000,,,,,,,,,,,,,,,,,,,,,,,,,,BEARISH,,,,,,24095.25,23695.25,24.25,2.5,4,"{""score"":7,""direction"":""bearish"",""ibs"":0.999,""lt_sentiment"":""BEARISH"",""gex_regime"":""positive"",""day_of_week"":""Wednesday"",""rth_close"":23820.5,""consecutive_down"":1,""consecutive_up"":0,""last_hour_return"":22.25,""exit_time"":""2025-07-24T06:00:00.000Z"",""target_points"":200,""stop_points"":200}"
T000085,OVERNIGHT_SCORING,NQ,buy,1,2025-07-24T22:01:00.000Z,2025-07-24T22:01:00.000Z,0,23885,2025-07-25T06:00:00.000Z,23904,time_exit,380,375,5,19,0.08,28740000,,,,,,,,,,,,,,,,,,,,,,,,,,BULLISH,,,,,,23684,24084,52.75,0.5,33.75,"{""score"":7,""direction"":""bullish"",""ibs"":0.622,""lt_sentiment"":""BULLISH"",""gex_regime"":""positive"",""day_of_week"":""Thursday"",""rth_close"":23872.75,""consecutive_down"":0,""consecutive_up"":1,""last_hour_return"":-23.25,""exit_time"":""2025-07-25T06:00:00.000Z"",""target_points"":200,""stop_points"":200}"
T000086,OVERNIGHT_SCORING,NQ,buy,1,2025-07-28T22:01:00.000Z,2025-07-28T22:01:00.000Z,0,24007.75,2025-07-29T06:00:00.000Z,24046.25,time_exit,770,765,5,38.5,0.16,28740000,,,,,,,,,,,,,,,,,,,,,,,,,,BULLISH,,,,,,23801.25,24201.25,42.25,5,3.75,"{""score"":8,""direction"":""bullish"",""ibs"":0.596,""lt_sentiment"":""BULLISH"",""gex_regime"":""positive"",""day_of_week"":""Monday"",""rth_close"":23987.75,""consecutive_down"":0,""consecutive_up"":3,""last_hour_return"":29.25,""exit_time"":""2025-07-29T06:00:00.000Z"",""target_points"":200,""stop_points"":200}"
T000087,OVERNIGHT_SCORING,NQ,buy,1,2025-07-30T01:24:00.000Z,2025-07-30T01:24:00.000Z,0,23971.75,2025-07-30T06:00:00.000Z,23999,time_exit,545,540,5,27.25,0.11,16560000,,,,,,,,,,,,,,,,,,,,,,,,,,BULLISH,,,,,,23771.5,24171.5,34,9.5,6.75,"{""score"":7,""direction"":""bullish"",""ibs"":0.155,""lt_sentiment"":""BULLISH"",""gex_regime"":""positive"",""day_of_week"":""Tuesday"",""rth_close"":23953,""consecutive_down"":0,""consecutive_up"":4,""last_hour_return"":-21.25,""exit_time"":""2025-07-30T06:00:00.000Z"",""target_points"":200,""stop_points"":200}"
T000088,OVERNIGHT_SCORING,NQ,buy,1,2025-07-30T22:01:00.000Z,2025-07-30T22:01:00.000Z,0,24203.25,2025-07-31T06:00:00.000Z,24294,time_exit,1815,1810,5,90.75,0.37,28740000,,,,,,,,,,,,,,,,,,,,,,,,,,BULLISH,,,,,,23988,24388,102.5,17.75,11.75,"{""score"":8,""direction"":""bullish"",""ibs"":0.547,""lt_sentiment"":""BULLISH"",""gex_regime"":""strong_positive"",""day_of_week"":""Wednesday"",""rth_close"":23980,""consecutive_down"":1,""consecutive_up"":0,""last_hour_return"":71.75,""exit_time"":""2025-07-31T06:00:00.000Z"",""target_points"":200,""stop_points"":200}"
T000089,OVERNIGHT_SCORING,NQ,buy,1,2025-08-12T01:54:00.000Z,2025-08-12T01:54:00.000Z,0,24148,2025-08-12T06:00:00.000Z,24131.25,time_exit,-335,-340,5,-16.75,-0.07,14760000,,,,,,,,,,,,,,,,,,,,,,,,,,BULLISH,,,,,,23949,24349,24.75,56,41.5,"{""score"":8,""direction"":""bullish"",""ibs"":0.235,""lt_sentiment"":""BULLISH"",""gex_regime"":""positive"",""day_of_week"":""Monday"",""rth_close"":24134.5,""consecutive_down"":0,""consecutive_up"":1,""last_hour_return"":-48,""exit_time"":""2025-08-12T06:00:00.000Z"",""target_points"":200,""stop_points"":200}"
T000090,OVERNIGHT_SCORING,NQ,buy,1,2025-08-12T22:01:00.000Z,2025-08-12T22:01:00.000Z,0,24431,2025-08-13T06:00:00.000Z,24447.25,time_exit,325,320,5,16.25,0.07,28740000,,,,,,,,,,,,,,,,,,,,,,,,,,BULLISH,,,,,,24231.75,24631.75,35,13.25,18.75,"{""score"":7,""direction"":""bullish"",""ibs"":0.953,""lt_sentiment"":""BULLISH"",""gex_regime"":""strong_positive"",""day_of_week"":""Tuesday"",""rth_close"":24430.5,""consecutive_down"":1,""consecutive_up"":0,""last_hour_return"":27.5,""exit_time"":""2025-08-13T06:00:00.000Z"",""target_points"":200,""stop_points"":200}"
T000091,OVERNIGHT_SCORING,NQ,buy,1,2025-08-13T23:24:00.000Z,2025-08-13T23:24:00.000Z,0,24441.5,2025-08-14T06:00:00.000Z,24403.75,time_exit,-755,-760,5,-37.75,-0.15,23760000,,,,,,,,,,,,,,,,,,,,,,,,,,BULLISH,,,,,,24242.5,24642.5,18.75,47.75,56.5,"{""score"":8,""direction"":""bullish"",""ibs"":0.312,""lt_sentiment"":""BULLISH"",""gex_regime"":""positive"",""day_of_week"":""Wednesday"",""rth_close"":24439,""consecutive_down"":0,""consecutive_up"":1,""last_hour_return"":9,""exit_time"":""2025-08-14T06:00:00.000Z"",""target_points"":200,""stop_points"":200}"
T000092,OVERNIGHT_SCORING,NQ,buy,1,2025-09-08T22:16:00.000Z,2025-09-08T22:16:00.000Z,0,24307.5,2025-09-09T06:00:00.000Z,24328,time_exit,410,405,5,20.5,0.08,27840000,,,,,,,,,,,,,,,,,,,,,,,,,,BULLISH,,,,,,24108,24508,36.75,20.75,16.25,"{""score"":7,""direction"":""bullish"",""ibs"":0.342,""lt_sentiment"":""BULLISH"",""gex_regime"":""positive"",""day_of_week"":""Monday"",""rth_close"":24299.75,""consecutive_down"":1,""consecutive_up"":0,""last_hour_return"":10,""exit_time"":""2025-09-09T06:00:00.000Z"",""target_points"":200,""stop_points"":200}"
T000093,OVERNIGHT_SCORING,NQ,buy,1,2025-09-11T22:01:00.000Z,2025-09-11T22:01:00.000Z,0,24515.25,2025-09-12T06:00:00.000Z,24527,time_exit,235,230,5,11.75,0.05,28740000,,,,,,,,,,,,,,,,,,,,,,,,,,BULLISH,,,,,,24310.5,24710.5,20.5,27.25,8.75,"{""score"":7,""direction"":""bullish"",""ibs"":0.747,""lt_sentiment"":""BULLISH"",""gex_regime"":""positive"",""day_of_week"":""Thursday"",""rth_close"":24507.5,""consecutive_down"":1,""consecutive_up"":0,""last_hour_return"":-22.25,""exit_time"":""2025-09-12T06:00:00.000Z"",""target_points"":200,""stop_points"":200}"
T000094,OVERNIGHT_SCORING,NQ,buy,1,2025-09-15T22:01:00.000Z,2025-09-15T22:01:00.000Z,0,24788.25,2025-09-16T06:00:00.000Z,24856.25,time_exit,1360,1355,5,68,0.27,28740000,,,,,,,,,,,,,,,,,,,,,,,,,,BULLISH,,,,,,24594.25,24994.25,71,7,3,"{""score"":8,""direction"":""bullish"",""ibs"":0.976,""lt_sentiment"":""BULLISH"",""gex_regime"":""strong_positive"",""day_of_week"":""Monday"",""rth_close"":24810.5,""consecutive_down"":0,""consecutive_up"":2,""last_hour_return"":39.25,""exit_time"":""2025-09-16T06:00:00.000Z"",""target_points"":200,""stop_points"":200}"
T000095,OVERNIGHT_SCORING,NQ,buy,1,2025-09-16T22:54:00.000Z,2025-09-16T22:54:00.000Z,0,24807.5,2025-09-17T06:00:00.000Z,24778,time_exit,-590,-595,5,-29.5,-0.12,25560000,,,,,,,,,,,,,,,,,,,,,,,,,,BULLISH,,,,,,24605.25,25005.25,0,52.75,29.5,"{""score"":10,""direction"":""bullish"",""ibs"":0.247,""lt_sentiment"":""BULLISH"",""gex_regime"":""strong_positive"",""day_of_week"":""Tuesday"",""rth_close"":24781.5,""consecutive_down"":0,""consecutive_up"":3,""last_hour_return"":-22.5,""exit_time"":""2025-09-17T06:00:00.000Z"",""target_points"":200,""stop_points"":200}"
T000096,OVERNIGHT_SCORING,NQ,buy,1,2025-09-17T22:01:00.000Z,2025-09-17T22:01:00.000Z,0,24759.75,2025-09-18T06:00:00.000Z,24870.25,time_exit,2210,2205,5,110.5,0.45,28740000,,,,,,,,,,,,,,,,,,,,,,,,,,BULLISH,,,,,,24559.25,24959.25,151,7.25,40.5,"{""score"":8,""direction"":""bullish"",""ibs"":0.755,""lt_sentiment"":""BULLISH"",""gex_regime"":""positive"",""day_of_week"":""Wednesday"",""rth_close"":24732.5,""consecutive_down"":1,""consecutive_up"":0,""last_hour_return"":83,""exit_time"":""2025-09-18T06:00:00.000Z"",""target_points"":200,""stop_points"":200}"
T000097,OVERNIGHT_SCORING,NQ,buy,1,2025-09-22T22:01:00.000Z,2025-09-22T22:01:00.000Z,0,25251.75,2025-09-23T06:00:00.000Z,25256.25,time_exit,90,85,5,4.5,0.02,28740000,,,,,,,,,,,,,,,,,,,,,,,,,,BULLISH,,,,,,25046.5,25446.5,20.5,20.5,16,"{""score"":7,""direction"":""bullish"",""ibs"":0.866,""lt_sentiment"":""BULLISH"",""gex_regime"":""positive"",""day_of_week"":""Monday"",""rth_close"":25256,""consecutive_down"":0,""consecutive_up"":2,""last_hour_return"":-13.75,""exit_time"":""2025-09-23T06:00:00.000Z"",""target_points"":200,""stop_points"":200}"
T000098,OVERNIGHT_SCORING,NQ,buy,1,2025-09-30T02:24:00.000Z,2025-09-30T02:24:00.000Z,0,25085.75,2025-09-30T06:00:00.000Z,25094.25,time_exit,170,165,5,8.5,0.03,12960000,,,,,,,,,,,,,,,,,,,,,,,,,,BULLISH,,,,,,24885.5,25285.5,28.25,12.25,19.75,"{""score"":7,""direction"":""bullish"",""ibs"":0.291,""lt_sentiment"":""BULLISH"",""gex_regime"":""positive"",""day_of_week"":""Monday"",""rth_close"":25094.5,""consecutive_down"":0,""consecutive_up"":2,""last_hour_return"":-5.5,""exit_time"":""2025-09-30T06:00:00.000Z"",""target_points"":200,""stop_points"":200}"
T000099,OVERNIGHT_SCORING,NQ,buy,1,2025-10-08T22:01:00.000Z,2025-10-08T22:01:00.000Z,0,25604.75,2025-10-09T06:00:00.000Z,25611,time_exit,125,120,5,6.25,0.02,28740000,,,,,,,,,,,,,,,,,,,,,,,,,,BULLISH,,,,,,25402.75,25802.75,46.5,40.5,40.25,"{""score"":7,""direction"":""bullish"",""ibs"":0.947,""lt_sentiment"":""BULLISH"",""gex_regime"":""positive"",""day_of_week"":""Wednesday"",""rth_close"":25587.25,""consecutive_down"":4,""consecutive_up"":0,""last_hour_return"":59.5,""exit_time"":""2025-10-09T06:00:00.000Z"",""target_points"":200,""stop_points"":200}"
T000100,OVERNIGHT_SCORING,NQ,buy,1,2025-10-20T22:09:00.000Z,2025-10-20T22:09:00.000Z,0,25571.5,2025-10-21T06:00:00.000Z,25551.75,time_exit,-395,-400,5,-19.75,-0.08,28260000,,,,,,,,,,,,,,,,,,,,,,,,,,BULLISH,,,,,,25367.25,25767.25,53.75,38.5,73.5,"{""score"":7,""direction"":""bullish"",""ibs"":0.774,""lt_sentiment"":""BULLISH"",""gex_regime"":""positive"",""day_of_week"":""Monday"",""rth_close"":25557.5,""consecutive_down"":0,""consecutive_up"":1,""last_hour_return"":-27.25,""exit_time"":""2025-10-21T06:00:00.000Z"",""target_points"":200,""stop_points"":200}"
T000101,OVERNIGHT_SCORING,NQ,buy,1,2025-10-27T22:01:00.000Z,2025-10-27T22:01:00.000Z,0,26256.5,2025-10-28T06:00:00.000Z,26226.5,time_exit,-600,-605,5,-30,-0.11,28740000,,,,,,,,,,,,,,,,,,,,,,,,,,BULLISH,,,,,,26051.25,26451.25,19.5,52.75,49.5,"{""score"":8,""direction"":""bullish"",""ibs"":0.89,""lt_sentiment"":""BULLISH"",""gex_regime"":""strong_positive"",""day_of_week"":""Monday"",""rth_close"":26218.25,""consecutive_down"":0,""consecutive_up"":2,""last_hour_return"":19.25,""exit_time"":""2025-10-28T06:00:00.000Z"",""target_points"":200,""stop_points"":200}"
T000102,OVERNIGHT_SCORING,NQ,buy,1,2025-10-28T22:01:00.000Z,2025-10-28T22:01:00.000Z,0,26433,2025-10-29T06:00:00.000Z,26520.75,time_exit,1755,1750,5,87.75,0.33,28740000,,,,,,,,,,,,,,,,,,,,,,,,,,BULLISH,,,,,,26236,26636,88,11.25,0.25,"{""score"":9,""direction"":""bullish"",""ibs"":0.683,""lt_sentiment"":""BULLISH"",""gex_regime"":""strong_positive"",""day_of_week"":""Tuesday"",""rth_close"":26417.25,""consecutive_down"":0,""consecutive_up"":3,""last_hour_return"":-34.75,""exit_time"":""2025-10-29T06:00:00.000Z"",""target_points"":200,""stop_points"":200}"
T000103,OVERNIGHT_SCORING,NQ,buy,1,2025-10-29T22:01:00.000Z,2025-10-29T22:01:00.000Z,0,26431.5,2025-10-30T03:16:00.000Z,26650.5,take_profit,4380,4375,5,219,0.83,18900000,,,,,,,,,,,,,,,,,,,,,,,,,,BULLISH,,,,,,26250.75,26650.75,219.5,20,0.5,"{""score"":7,""direction"":""bullish"",""ibs"":0.837,""lt_sentiment"":""BULLISH"",""gex_regime"":""positive"",""day_of_week"":""Wednesday"",""rth_close"":26538.5,""consecutive_down"":0,""consecutive_up"":4,""last_hour_return"":96,""exit_time"":""2025-10-30T06:00:00.000Z"",""target_points"":200,""stop_points"":200}"
T000104,OVERNIGHT_SCORING,NQ,sell,1,2025-11-17T23:01:00.000Z,2025-11-17T23:01:00.000Z,0,25186.75,2025-11-18T04:15:00.000Z,24970.25,take_profit,4330,4325,5,216.5,0.86,18840000,,,,,,,,,,,,,,,,,,,,,,,,,,BEARISH,,,,,,25370,24970,217.25,30,0.75,"{""score"":7,""direction"":""bearish"",""ibs"":0.3,""lt_sentiment"":""BEARISH"",""gex_regime"":""negative"",""day_of_week"":""Monday"",""rth_close"":25145.5,""consecutive_down"":0,""consecutive_up"":1,""last_hour_return"":132,""exit_time"":""2025-11-18T07:00:00.000Z"",""target_points"":200,""stop_points"":200}"
T000105,OVERNIGHT_SCORING,NQ,sell,1,2025-11-18T23:01:00.000Z,2025-11-18T23:01:00.000Z,0,24824.5,2025-11-19T07:00:00.000Z,24804.75,time_exit,395,390,5,19.75,0.08,28740000,,,,,,,,,,,,,,,,,,,,,,,,,,BEARISH,,,,,,25010.25,24610.25,122.25,88.25,102.5,"{""score"":7,""direction"":""bearish"",""ibs"":0.458,""lt_sentiment"":""BEARISH"",""gex_regime"":""strong_negative"",""day_of_week"":""Tuesday"",""rth_close"":24842.25,""consecutive_down"":1,""consecutive_up"":0,""last_hour_return"":-190.25,""exit_time"":""2025-11-19T07:00:00.000Z"",""target_points"":200,""stop_points"":200}"
T000106,OVERNIGHT_SCORING,NQ,buy,1,2025-12-02T23:16:00.000Z,2025-12-02T23:16:00.000Z,0,25872,2025-12-03T07:00:00.000Z,25914.75,time_exit,855,850,5,42.75,0.17,27840000,,,,,,,,,,,,,,,,,,,,,,,,,,BULLISH,,,,,,25671.25,26071.25,63.5,38.75,20.75,"{""score"":7,""direction"":""bullish"",""ibs"":0.728,""lt_sentiment"":""BULLISH"",""gex_regime"":""positive"",""day_of_week"":""Tuesday"",""rth_close"":25857.75,""consecutive_down"":0,""consecutive_up"":7,""last_hour_return"":-33.5,""exit_time"":""2025-12-03T07:00:00.000Z"",""target_points"":200,""stop_points"":200}"
T000107,OVERNIGHT_SCORING,NQ,buy,1,2025-12-10T23:01:00.000Z,2025-12-10T23:01:00.000Z,0,26037.75,2025-12-11T02:32:00.000Z,25842.5,stop_loss,-3905,-3910,5,-195.25,-0.75,12660000,,,,,,,,,,,,,,,,,,,,,,,,,,BULLISH,,,,,,25844,26244,3.5,197,198.75,"{""score"":7,""direction"":""bullish"",""ibs"":0.793,""lt_sentiment"":""BULLISH"",""gex_regime"":""positive"",""day_of_week"":""Wednesday"",""rth_close"":26057.25,""consecutive_down"":0,""consecutive_up"":1,""last_hour_return"":-23.25,""exit_time"":""2025-12-11T07:00:00.000Z"",""target_points"":200,""stop_points"":200}"
T000108,OVERNIGHT_SCORING,NQ,sell,1,2025-12-17T23:01:00.000Z,2025-12-17T23:01:00.000Z,0,24981,2025-12-18T07:00:00.000Z,25002,time_exit,-420,-425,5,-21,-0.08,28740000,,,,,,,,,,,,,,,,,,,,,,,,,,BEARISH,,,,,,25186.25,24786.25,79.75,31.25,100.75,"{""score"":7,""direction"":""bearish"",""ibs"":0.008,""lt_sentiment"":""BEARISH"",""gex_regime"":""strong_negative"",""day_of_week"":""Wednesday"",""rth_close"":24892.25,""consecutive_down"":0,""consecutive_up"":1,""last_hour_return"":-82.75,""exit_time"":""2025-12-18T07:00:00.000Z"",""target_points"":200,""stop_points"":200}"