date,eligible,reason,n_sec,n_min,primary_sym
2021-01-01,False,no_primary_data,0,0,
2021-01-02,False,no_primary_data,0,0,
2021-01-03,False,no_primary_data,0,0,
2021-01-04,False,gap_missing_min(91p0),0,0,NQH1
2021-01-05,False,gap_missing_min(91p0),0,0,NQH1
2021-01-06,False,gap_missing_min(91p0),0,0,NQH1
2021-01-07,False,gap_missing_min(91p0),0,0,NQH1
2021-01-08,False,gap_missing_min(91p0),0,0,NQH1
2021-01-09,False,no_primary_data,0,0,
2021-01-10,False,no_primary_data,0,0,
2021-01-11,False,gap_missing_min(91p0),0,0,NQH1
2021-01-12,False,gap_missing_min(91p0),0,0,NQH1
2021-01-13,False,gap_missing_min(91p0),0,0,NQH1
2021-01-14,False,gap_missing_min(91p0),0,0,NQH1
2021-01-15,False,gap_missing_min(91p0),0,0,NQH1
2021-01-16,False,no_primary_data,0,0,
2021-01-17,False,no_primary_data,0,0,
2021-01-18,True,ok,1745,91,NQH1
2021-01-19,True,ok,2578,91,NQH1
2021-01-20,True,ok,2654,91,NQH1
2021-01-21,True,ok,2632,91,NQH1
2021-01-22,True,ok,2932,91,NQH1
2021-01-23,False,no_primary_data,0,0,
2021-01-24,False,no_primary_data,0,0,
2021-01-25,True,ok,2946,91,NQH1
2021-01-26,True,ok,2916,91,NQH1
2021-01-27,True,ok,2879,91,NQH1
2021-01-28,True,ok,4381,91,NQH1
2021-01-29,True,ok,4195,91,NQH1
2021-01-30,False,no_primary_data,0,0,
2021-01-31,False,no_primary_data,0,0,
2021-02-01,True,ok,4195,91,NQH1
2021-02-02,True,ok,3667,91,NQH1
2021-02-03,True,ok,3093,91,NQH1
2021-02-04,True,ok,2968,91,NQH1
2021-02-05,True,ok,2441,91,NQH1
2021-02-06,False,no_primary_data,0,0,
2021-02-07,False,no_primary_data,0,0,
2021-02-08,True,ok,2653,91,NQH1
2021-02-09,True,ok,2083,91,NQH1
2021-02-10,True,ok,2766,91,NQH1
2021-02-11,True,ok,2461,91,NQH1
2021-02-12,True,ok,2601,91,NQH1
2021-02-13,False,no_primary_data,0,0,
2021-02-14,False,no_primary_data,0,0,
2021-02-15,True,ok,1700,91,NQH1
2021-02-16,True,ok,2332,91,NQH1
2021-02-17,True,ok,3228,91,NQH1
2021-02-18,True,ok,2982,91,NQH1
2021-02-19,True,ok,3207,91,NQH1
2021-02-20,False,no_primary_data,0,0,
2021-02-21,False,no_primary_data,0,0,
2021-02-22,True,ok,4368,91,NQH1
2021-02-23,True,ok,4488,91,NQH1
2021-02-24,True,ok,4221,91,NQH1
2021-02-25,True,ok,4212,91,NQH1
2021-02-26,True,ok,4674,91,NQH1
2021-02-27,False,no_primary_data,0,0,
2021-02-28,False,no_primary_data,0,0,
2021-03-01,True,ok,3656,91,NQH1
2021-03-02,True,ok,4086,91,NQH1
2021-03-03,True,ok,3251,91,NQH1
2021-03-04,True,ok,4505,91,NQH1
2021-03-05,True,ok,4462,91,NQH1
2021-03-06,False,no_primary_data,0,0,
2021-03-07,False,no_primary_data,0,0,
2021-03-08,True,ok,4148,91,NQH1
2021-03-09,True,ok,4140,91,NQH1
2021-03-10,True,ok,3746,91,NQH1
2021-03-11,True,ok,3825,91,NQH1
2021-03-12,True,ok,3901,91,NQH1
2021-03-13,False,no_primary_data,0,0,
2021-03-14,False,no_primary_data,0,0,
2021-03-15,True,ok,2727,91,NQH1
2021-03-16,True,ok,2440,91,NQM1
2021-03-17,True,ok,2137,91,NQM1
2021-03-18,True,ok,4167,91,NQM1
2021-03-19,True,ok,4000,91,NQM1
2021-03-20,False,no_primary_data,0,0,
2021-03-21,False,no_primary_data,0,0,
2021-03-22,True,ok,3237,91,NQM1
2021-03-23,True,ok,3252,91,NQM1
2021-03-24,True,ok,2879,91,NQM1
2021-03-25,True,ok,2838,91,NQM1
2021-03-26,True,ok,3150,91,NQM1
2021-03-27,False,no_primary_data,0,0,
2021-03-28,False,no_primary_data,0,0,
2021-03-29,True,ok,3707,91,NQM1
2021-03-30,True,ok,3604,91,NQM1
2021-03-31,True,ok,2798,91,NQM1
2021-04-01,True,ok,3395,91,NQM1
2021-04-02,True,ok,987,91,NQM1
2021-04-03,False,no_primary_data,0,0,
2021-04-04,False,no_primary_data,0,0,
2021-04-05,True,ok,1774,91,NQM1
2021-04-06,True,ok,3455,91,NQM1
2021-04-07,True,ok,2842,91,NQM1
2021-04-08,True,ok,2269,91,NQM1
2021-04-09,True,ok,3228,91,NQM1
2021-04-10,False,no_primary_data,0,0,
2021-04-11,False,no_primary_data,0,0,
2021-04-12,True,ok,2824,91,NQM1
2021-04-13,True,ok,2433,91,NQM1
2021-04-14,True,ok,2680,91,NQM1
2021-04-15,True,ok,2920,91,NQM1
2021-04-16,True,ok,2504,91,NQM1
2021-04-17,False,no_primary_data,0,0,
2021-04-18,False,no_primary_data,0,0,
2021-04-19,True,ok,2252,91,NQM1
2021-04-20,True,ok,3279,91,NQM1
2021-04-21,True,ok,3204,91,NQM1
2021-04-22,True,ok,2478,91,NQM1
2021-04-23,True,ok,2746,91,NQM1
2021-04-24,False,no_primary_data,0,0,
2021-04-25,False,no_primary_data,0,0,
2021-04-26,True,ok,2529,91,NQM1
2021-04-27,True,ok,2449,91,NQM1
2021-04-28,True,ok,2902,91,NQM1
2021-04-29,True,ok,2780,91,NQM1
2021-04-30,True,ok,2384,91,NQM1
2021-05-01,False,no_primary_data,0,0,
2021-05-02,False,no_primary_data,0,0,
2021-05-03,True,ok,2480,91,NQM1
2021-05-04,True,ok,2862,91,NQM1
2021-05-05,True,ok,2955,91,NQM1
2021-05-06,True,ok,3041,91,NQM1
2021-05-07,True,ok,2539,91,NQM1
2021-05-08,False,no_primary_data,0,0,
2021-05-09,False,no_primary_data,0,0,
2021-05-10,True,ok,2974,91,NQM1
2021-05-11,True,ok,4267,91,NQM1
2021-05-12,True,ok,3684,91,NQM1
2021-05-13,True,ok,4427,91,NQM1
2021-05-14,True,ok,3121,91,NQM1
2021-05-15,False,no_primary_data,0,0,
2021-05-16,False,no_primary_data,0,0,
2021-05-17,True,ok,3131,91,NQM1
2021-05-18,True,ok,3012,91,NQM1
2021-05-19,True,ok,4307,91,NQM1
2021-05-20,True,ok,3301,91,NQM1
2021-05-21,True,ok,2932,91,NQM1
2021-05-22,False,no_primary_data,0,0,
2021-05-23,False,no_primary_data,0,0,
2021-05-24,True,ok,2702,91,NQM1
2021-05-25,True,ok,2562,91,NQM1
2021-05-26,True,ok,2895,91,NQM1
2021-05-27,True,ok,2855,91,NQM1
2021-05-28,True,ok,2392,91,NQM1
2021-05-29,False,no_primary_data,0,0,
2021-05-30,False,no_primary_data,0,0,
2021-05-31,True,ok,1676,91,NQM1
2021-06-01,True,ok,3019,91,NQM1
2021-06-02,True,ok,2604,91,NQM1
2021-06-03,True,ok,2598,91,NQM1
2021-06-04,True,ok,2924,91,NQM1
2021-06-05,False,no_primary_data,0,0,
2021-06-06,False,no_primary_data,0,0,
2021-06-07,True,ok,3072,91,NQM1
2021-06-08,True,ok,3005,91,NQM1
2021-06-09,True,ok,3151,91,NQM1
2021-06-10,True,ok,3323,91,NQM1
2021-06-11,True,ok,2454,91,NQM1
2021-06-12,False,no_primary_data,0,0,
2021-06-13,False,no_primary_data,0,0,
2021-06-14,True,ok,2090,91,NQU1
2021-06-15,False,symbol_change,0,0,NQM1|NQU1
2021-06-16,True,ok,2112,91,NQU1
2021-06-17,True,ok,3005,91,NQU1
2021-06-18,True,ok,2665,91,NQU1
2021-06-19,False,no_primary_data,0,0,
2021-06-20,False,no_primary_data,0,0,
2021-06-21,True,ok,4300,91,NQU1
2021-06-22,True,ok,3305,91,NQU1
2021-06-23,True,ok,2891,91,NQU1
2021-06-24,True,ok,2911,91,NQU1
2021-06-25,True,ok,2424,91,NQU1
2021-06-26,False,no_primary_data,0,0,
2021-06-27,False,no_primary_data,0,0,
2021-06-28,True,ok,2898,91,NQU1
2021-06-29,True,ok,2847,91,NQU1
2021-06-30,True,ok,2766,91,NQU1
2021-07-01,True,ok,3242,91,NQU1
2021-07-02,True,ok,3180,91,NQU1
2021-07-03,False,no_primary_data,0,0,
2021-07-04,False,no_primary_data,0,0,
2021-07-05,True,ok,2070,91,NQU1
2021-07-06,True,ok,3197,91,NQU1
2021-07-07,True,ok,3653,91,NQU1
2021-07-08,True,ok,4830,91,NQU1
2021-07-09,True,ok,3497,91,NQU1
2021-07-10,False,no_primary_data,0,0,
2021-07-11,False,no_primary_data,0,0,
2021-07-12,True,ok,3274,91,NQU1
2021-07-13,True,ok,2510,91,NQU1
2021-07-14,True,ok,3206,91,NQU1
2021-07-15,True,ok,3505,91,NQU1
2021-07-16,True,ok,2963,91,NQU1
2021-07-17,False,no_primary_data,0,0,
2021-07-18,False,no_primary_data,0,0,
2021-07-19,True,ok,3824,91,NQU1
2021-07-20,True,ok,3476,91,NQU1
2021-07-21,True,ok,3762,91,NQU1
2021-07-22,True,ok,2587,91,NQU1
2021-07-23,True,ok,2936,91,NQU1
2021-07-24,False,no_primary_data,0,0,
2021-07-25,False,no_primary_data,0,0,
2021-07-26,True,ok,3502,91,NQU1
2021-07-27,True,ok,3732,91,NQU1
2021-07-28,True,ok,2790,91,NQU1
2021-07-29,True,ok,2769,91,NQU1
2021-07-30,True,ok,3536,91,NQU1
2021-07-31,False,no_primary_data,0,0,
2021-08-01,False,no_primary_data,0,0,
2021-08-02,True,ok,2638,91,NQU1
2021-08-03,True,ok,2289,91,NQU1
2021-08-04,True,ok,2302,91,NQU1
2021-08-05,True,ok,1930,91,NQU1
2021-08-06,True,ok,1926,91,NQU1
2021-08-07,False,no_primary_data,0,0,
2021-08-08,False,no_primary_data,0,0,
2021-08-09,True,ok,2854,91,NQU1
2021-08-10,True,ok,2498,91,NQU1
2021-08-11,True,ok,2966,91,NQU1
2021-08-12,True,ok,2069,91,NQU1
2021-08-13,True,ok,1958,91,NQU1
2021-08-14,False,no_primary_data,0,0,
2021-08-15,False,no_primary_data,0,0,
2021-08-16,True,ok,2638,91,NQU1
2021-08-17,True,ok,3290,91,NQU1
2021-08-18,True,ok,2801,91,NQU1
2021-08-19,True,ok,4194,91,NQU1
2021-08-20,True,ok,3659,91,NQU1
2021-08-21,False,no_primary_data,0,0,
2021-08-22,False,no_primary_data,0,0,
2021-08-23,True,ok,3027,91,NQU1
2021-08-24,True,ok,2780,91,NQU1
2021-08-25,True,ok,2408,91,NQU1
2021-08-26,True,ok,2948,91,NQU1
2021-08-27,True,ok,2415,91,NQU1
2021-08-28,False,no_primary_data,0,0,
2021-08-29,False,no_primary_data,0,0,
2021-08-30,True,ok,2057,91,NQU1
2021-08-31,True,ok,2525,91,NQU1
2021-09-01,True,ok,2607,91,NQU1
2021-09-02,True,ok,2372,91,NQU1
2021-09-03,True,ok,1955,91,NQU1
2021-09-04,False,no_primary_data,0,0,
2021-09-05,False,no_primary_data,0,0,
2021-09-06,True,ok,1921,91,NQU1
2021-09-07,True,ok,2514,91,NQU1
2021-09-08,True,ok,3991,91,NQU1
2021-09-09,True,ok,3471,91,NQU1
2021-09-10,True,ok,2118,91,NQU1
2021-09-11,False,no_primary_data,0,0,
2021-09-12,False,no_primary_data,0,0,
2021-09-13,True,ok,2139,91,NQZ1
2021-09-14,True,ok,2854,91,NQZ1
2021-09-15,True,ok,2194,91,NQZ1
2021-09-16,True,ok,2204,91,NQZ1
2021-09-17,True,ok,2364,91,NQZ1
2021-09-18,False,no_primary_data,0,0,
2021-09-19,False,no_primary_data,0,0,
2021-09-20,True,ok,4287,91,NQZ1
2021-09-21,True,ok,3647,91,NQZ1
2021-09-22,True,ok,2919,91,NQZ1
2021-09-23,True,ok,3158,91,NQZ1
2021-09-24,True,ok,3670,91,NQZ1
2021-09-25,False,no_primary_data,0,0,
2021-09-26,False,no_primary_data,0,0,
2021-09-27,True,ok,2617,91,NQZ1
2021-09-28,True,ok,4578,91,NQZ1
2021-09-29,True,ok,4012,91,NQZ1
2021-09-30,True,ok,3680,91,NQZ1
2021-10-01,True,ok,4387,91,NQZ1
2021-10-02,False,no_primary_data,0,0,
2021-10-03,False,no_primary_data,0,0,
2021-10-04,True,ok,3745,91,NQZ1
2021-10-05,True,ok,3674,91,NQZ1
2021-10-06,True,ok,4490,91,NQZ1
2021-10-07,True,ok,3328,91,NQZ1
2021-10-08,True,ok,3432,91,NQZ1
2021-10-09,False,no_primary_data,0,0,
2021-10-10,False,no_primary_data,0,0,
2021-10-11,True,ok,3368,91,NQZ1
2021-10-12,True,ok,3590,91,NQZ1
2021-10-13,True,ok,3822,91,NQZ1
2021-10-14,True,ok,3154,91,NQZ1
2021-10-15,True,ok,3437,91,NQZ1
2021-10-16,False,no_primary_data,0,0,
2021-10-17,False,no_primary_data,0,0,
2021-10-18,True,ok,3142,91,NQZ1
2021-10-19,True,ok,2783,91,NQZ1
2021-10-20,True,ok,3397,91,NQZ1
2021-10-21,True,ok,3154,91,NQZ1
2021-10-22,True,ok,3053,91,NQZ1
2021-10-23,False,no_primary_data,0,0,
2021-10-24,False,no_primary_data,0,0,
2021-10-25,True,ok,2495,91,NQZ1
2021-10-26,True,ok,3248,91,NQZ1
2021-10-27,True,ok,2510,91,NQZ1
2021-10-28,True,ok,3016,91,NQZ1
2021-10-29,True,ok,3261,91,NQZ1
2021-10-30,False,no_primary_data,0,0,
2021-10-31,False,no_primary_data,0,0,
2021-11-01,True,ok,2068,91,NQZ1
2021-11-02,True,ok,1794,91,NQZ1
2021-11-03,True,ok,1748,91,NQZ1
2021-11-04,True,ok,1964,91,NQZ1
2021-11-05,True,ok,2220,91,NQZ1
2021-11-06,False,no_primary_data,0,0,
2021-11-07,False,no_primary_data,0,0,
2021-11-08,True,ok,2417,91,NQZ1
2021-11-09,True,ok,2310,91,NQZ1
2021-11-10,True,ok,2598,91,NQZ1
2021-11-11,True,ok,3012,91,NQZ1
2021-11-12,True,ok,2660,91,NQZ1
2021-11-13,False,no_primary_data,0,0,
2021-11-14,False,no_primary_data,0,0,
2021-11-15,True,ok,2177,91,NQZ1
2021-11-16,True,ok,2237,91,NQZ1
2021-11-17,True,ok,2044,91,NQZ1
2021-11-18,True,ok,2553,91,NQZ1
2021-11-19,True,ok,2135,91,NQZ1
2021-11-20,False,no_primary_data,0,0,
2021-11-21,False,no_primary_data,0,0,
2021-11-22,True,ok,2376,91,NQZ1
2021-11-23,True,ok,4050,91,NQZ1
2021-11-24,True,ok,3138,91,NQZ1
2021-11-25,True,ok,1810,91,NQZ1
2021-11-26,True,ok,4636,91,NQZ1
2021-11-27,False,no_primary_data,0,0,
2021-11-28,False,no_primary_data,0,0,
2021-11-29,True,ok,3769,91,NQZ1
2021-11-30,True,ok,4097,91,NQZ1
2021-12-01,True,ok,3783,91,NQZ1
2021-12-02,True,ok,4013,91,NQZ1
2021-12-03,True,ok,3110,91,NQZ1
2021-12-04,False,no_primary_data,0,0,
2021-12-05,False,no_primary_data,0,0,
2021-12-06,True,ok,3564,91,NQZ1
2021-12-07,True,ok,4072,91,NQZ1
2021-12-08,True,ok,2862,91,NQZ1
2021-12-09,True,ok,2379,91,NQZ1
2021-12-10,True,ok,2712,91,NQZ1
2021-12-11,False,no_primary_data,0,0,
2021-12-12,False,no_primary_data,0,0,
2021-12-13,True,ok,2151,91,NQH2
2021-12-14,True,ok,2653,91,NQH2
2021-12-15,True,ok,3175,91,NQH2
2021-12-16,True,ok,3269,91,NQH2
2021-12-17,True,ok,3834,91,NQH2
2021-12-18,False,no_primary_data,0,0,
2021-12-19,False,no_primary_data,0,0,
2021-12-20,True,ok,4261,91,NQH2
2021-12-21,True,ok,2959,91,NQH2
2021-12-22,True,ok,2864,91,NQH2
2021-12-23,True,ok,2134,91,NQH2
2021-12-24,False,no_primary_data,0,0,
2021-12-25,False,no_primary_data,0,0,
2021-12-26,False,no_primary_data,0,0,
2021-12-27,True,ok,2071,91,NQH2
2021-12-28,True,ok,2897,91,NQH2
2021-12-29,True,ok,2151,91,NQH2
2021-12-30,True,ok,1933,91,NQH2
2021-12-31,True,ok,1602,91,NQH2
2022-01-01,False,no_primary_data,0,0,
2022-01-02,False,no_primary_data,0,0,
2022-01-03,True,ok,2669,91,NQH2
2022-01-04,True,ok,2647,91,NQH2
2022-01-05,True,ok,2696,91,NQH2
2022-01-06,True,ok,3870,91,NQH2
2022-01-07,True,ok,3592,91,NQH2
2022-01-08,False,no_primary_data,0,0,
2022-01-09,False,no_primary_data,0,0,
2022-01-10,True,ok,4340,91,NQH2
2022-01-11,True,ok,3847,91,NQH2
2022-01-12,True,ok,4397,91,NQH2
2022-01-13,True,ok,3160,91,NQH2
2022-01-14,True,ok,3845,91,NQH2
2022-01-15,False,no_primary_data,0,0,
2022-01-16,False,no_primary_data,0,0,
2022-01-17,True,ok,2675,91,NQH2
2022-01-18,True,ok,4439,91,NQH2
2022-01-19,True,ok,4359,91,NQH2
2022-01-20,True,ok,4091,91,NQH2
2022-01-21,True,ok,4255,91,NQH2
2022-01-22,False,no_primary_data,0,0,
2022-01-23,False,no_primary_data,0,0,
2022-01-24,True,ok,4809,91,NQH2
2022-01-25,True,ok,4842,91,NQH2
2022-01-26,True,ok,4602,91,NQH2
2022-01-27,True,ok,4678,91,NQH2
2022-01-28,True,ok,4617,91,NQH2
2022-01-29,False,no_primary_data,0,0,
2022-01-30,False,no_primary_data,0,0,
2022-01-31,True,ok,4062,91,NQH2
2022-02-01,True,ok,3695,91,NQH2
2022-02-02,True,ok,3394,91,NQH2
2022-02-03,True,ok,3456,91,NQH2
2022-02-04,True,ok,4059,91,NQH2
2022-02-05,False,no_primary_data,0,0,
2022-02-06,False,no_primary_data,0,0,
2022-02-07,True,ok,3812,91,NQH2
2022-02-08,True,ok,3500,91,NQH2
2022-02-09,True,ok,3596,91,NQH2
2022-02-10,True,ok,3388,91,NQH2
2022-02-11,True,ok,3835,91,NQH2
2022-02-12,False,no_primary_data,0,0,
2022-02-13,False,no_primary_data,0,0,
2022-02-14,True,ok,4955,91,NQH2
2022-02-15,True,ok,4915,91,NQH2
2022-02-16,True,ok,4424,91,NQH2
2022-02-17,True,ok,3984,91,NQH2
2022-02-18,True,ok,3665,91,NQH2
2022-02-19,False,no_primary_data,0,0,
2022-02-20,False,no_primary_data,0,0,
2022-02-21,True,ok,3440,91,NQH2
2022-02-22,True,ok,4698,91,NQH2
2022-02-23,True,ok,3958,91,NQH2
2022-02-24,True,ok,5224,91,NQH2
2022-02-25,True,ok,4725,91,NQH2
2022-02-26,False,no_primary_data,0,0,
2022-02-27,False,no_primary_data,0,0,
2022-02-28,True,ok,4395,91,NQH2
2022-03-01,True,ok,4212,91,NQH2
2022-03-02,True,ok,4418,91,NQH2
2022-03-03,True,ok,3950,91,NQH2
2022-03-04,True,ok,4559,91,NQH2
2022-03-05,False,no_primary_data,0,0,
2022-03-06,False,no_primary_data,0,0,
2022-03-07,True,ok,4741,91,NQH2
2022-03-08,True,ok,4850,91,NQH2
2022-03-09,True,ok,4543,91,NQH2
2022-03-10,True,ok,4535,91,NQH2
2022-03-11,False,symbol_change,0,0,NQH2|NQM2
2022-03-12,False,no_primary_data,0,0,
2022-03-13,False,no_primary_data,0,0,
2022-03-14,False,symbol_change,0,0,NQH2|NQM2
2022-03-15,False,symbol_change,0,0,NQH2|NQM2
2022-03-16,True,ok,3164,91,NQM2
2022-03-17,True,ok,3311,91,NQM2
2022-03-18,True,ok,3108,91,NQM2
2022-03-19,False,no_primary_data,0,0,
2022-03-20,False,no_primary_data,0,0,
2022-03-21,True,ok,2791,91,NQM2
2022-03-22,True,ok,2889,91,NQM2
2022-03-23,True,ok,2419,91,NQM2
2022-03-24,True,ok,2677,91,NQM2
2022-03-25,True,ok,2542,91,NQM2
2022-03-26,False,no_primary_data,0,0,
2022-03-27,False,no_primary_data,0,0,
2022-03-28,True,ok,3301,91,NQM2
2022-03-29,True,ok,3169,91,NQM2
2022-03-30,True,ok,3198,91,NQM2
2022-03-31,True,ok,2926,91,NQM2
2022-04-01,True,ok,2795,91,NQM2
2022-04-02,False,no_primary_data,0,0,
2022-04-03,False,no_primary_data,0,0,
2022-04-04,True,ok,3091,91,NQM2
2022-04-05,True,ok,2882,91,NQM2
2022-04-06,True,ok,3771,91,NQM2
2022-04-07,True,ok,3732,91,NQM2
2022-04-08,True,ok,3413,91,NQM2
2022-04-09,False,no_primary_data,0,0,
2022-04-10,False,no_primary_data,0,0,
2022-04-11,True,ok,4452,91,NQM2
2022-04-12,True,ok,3883,91,NQM2
2022-04-13,True,ok,3523,91,NQM2
2022-04-14,True,ok,3065,91,NQM2
2022-04-15,False,no_primary_data,0,0,
2022-04-16,False,no_primary_data,0,0,
2022-04-17,False,no_primary_data,0,0,
2022-04-18,True,ok,2036,91,NQM2
2022-04-19,True,ok,3604,91,NQM2
2022-04-20,True,ok,3265,91,NQM2
2022-04-21,True,ok,3394,91,NQM2
2022-04-22,True,ok,4088,91,NQM2
2022-04-23,False,no_primary_data,0,0,
2022-04-24,False,no_primary_data,0,0,
2022-04-25,True,ok,4197,91,NQM2
2022-04-26,True,ok,3747,91,NQM2
2022-04-27,True,ok,4680,91,NQM2
2022-04-28,True,ok,4135,91,NQM2
2022-04-29,True,ok,3737,91,NQM2
2022-04-30,False,no_primary_data,0,0,
2022-05-01,False,no_primary_data,0,0,
2022-05-02,True,ok,3923,91,NQM2
2022-05-03,True,ok,3596,91,NQM2
2022-05-04,True,ok,2845,91,NQM2
2022-05-05,True,ok,3782,91,NQM2
2022-05-06,True,ok,4242,91,NQM2
2022-05-07,False,no_primary_data,0,0,
2022-05-08,False,no_primary_data,0,0,
2022-05-09,True,ok,4224,91,NQM2
2022-05-10,True,ok,3931,91,NQM2
2022-05-11,True,ok,3395,91,NQM2
2022-05-12,True,ok,4545,91,NQM2
2022-05-13,True,ok,4003,91,NQM2
2022-05-14,False,no_primary_data,0,0,
2022-05-15,False,no_primary_data,0,0,
2022-05-16,True,ok,3730,91,NQM2
2022-05-17,True,ok,3767,91,NQM2
2022-05-18,True,ok,3405,91,NQM2
2022-05-19,True,ok,4716,91,NQM2
2022-05-20,True,ok,3534,91,NQM2
2022-05-21,False,no_primary_data,0,0,
2022-05-22,False,no_primary_data,0,0,
2022-05-23,True,ok,4134,91,NQM2
2022-05-24,True,ok,4047,91,NQM2
2022-05-25,True,ok,3900,91,NQM2
2022-05-26,True,ok,3648,91,NQM2
2022-05-27,True,ok,3650,91,NQM2
2022-05-28,False,no_primary_data,0,0,
2022-05-29,False,no_primary_data,0,0,
2022-05-30,True,ok,2759,91,NQM2
2022-05-31,True,ok,4232,91,NQM2
2022-06-01,True,ok,3508,91,NQM2
2022-06-02,True,ok,3194,91,NQM2
2022-06-03,True,ok,3293,91,NQM2
2022-06-04,False,no_primary_data,0,0,
2022-06-05,False,no_primary_data,0,0,
2022-06-06,True,ok,3552,91,NQM2
2022-06-07,True,ok,3247,91,NQM2
2022-06-08,True,ok,3609,91,NQM2
2022-06-09,True,ok,3326,91,NQM2
2022-06-10,True,ok,3656,91,NQM2
2022-06-11,False,no_primary_data,0,0,
2022-06-12,False,no_primary_data,0,0,
2022-06-13,False,symbol_change,0,0,NQM2|NQU2
2022-06-14,True,ok,3589,91,NQU2
2022-06-15,True,ok,3611,91,NQU2
2022-06-16,True,ok,4650,91,NQU2
2022-06-17,True,ok,3889,91,NQU2
2022-06-18,False,no_primary_data,0,0,
2022-06-19,False,no_primary_data,0,0,
2022-06-20,True,ok,3171,91,NQU2
2022-06-21,True,ok,3722,91,NQU2
2022-06-22,True,ok,4176,91,NQU2
2022-06-23,True,ok,4209,91,NQU2
2022-06-24,True,ok,3578,91,NQU2
2022-06-25,False,no_primary_data,0,0,
2022-06-26,False,no_primary_data,0,0,
2022-06-27,True,ok,3925,91,NQU2
2022-06-28,True,ok,3660,91,NQU2
2022-06-29,True,ok,3725,91,NQU2
2022-06-30,True,ok,4071,91,NQU2
2022-07-01,True,ok,4061,91,NQU2
2022-07-02,False,no_primary_data,0,0,
2022-07-03,False,no_primary_data,0,0,
2022-07-04,True,ok,2651,91,NQU2
2022-07-05,True,ok,3885,91,NQU2
2022-07-06,True,ok,3921,91,NQU2
2022-07-07,True,ok,3439,91,NQU2
2022-07-08,True,ok,2926,91,NQU2
2022-07-09,False,no_primary_data,0,0,
2022-07-10,False,no_primary_data,0,0,
2022-07-11,True,ok,3730,91,NQU2
2022-07-12,True,ok,3622,91,NQU2
2022-07-13,True,ok,3506,91,NQU2
2022-07-14,True,ok,3909,91,NQU2
2022-07-15,True,ok,3575,91,NQU2
2022-07-16,False,no_primary_data,0,0,
2022-07-17,False,no_primary_data,0,0,
2022-07-18,True,ok,3680,91,NQU2
2022-07-19,True,ok,3678,91,NQU2
2022-07-20,True,ok,3927,91,NQU2
2022-07-21,True,ok,3517,91,NQU2
2022-07-22,True,ok,3463,91,NQU2
2022-07-23,False,no_primary_data,0,0,
2022-07-24,False,no_primary_data,0,0,
2022-07-25,True,ok,2886,91,NQU2
2022-07-26,True,ok,2398,91,NQU2
2022-07-27,True,ok,3173,91,NQU2
2022-07-28,True,ok,3671,91,NQU2
2022-07-29,True,ok,3486,91,NQU2
2022-07-30,False,no_primary_data,0,0,
2022-07-31,False,no_primary_data,0,0,
2022-08-01,True,ok,2899,91,NQU2
2022-08-02,True,ok,3639,91,NQU2
2022-08-03,True,ok,3344,91,NQU2
2022-08-04,True,ok,3009,91,NQU2
2022-08-05,True,ok,2389,91,NQU2
2022-08-06,False,no_primary_data,0,0,
2022-08-07,False,no_primary_data,0,0,
2022-08-08,True,ok,3130,91,NQU2
2022-08-09,True,ok,2838,91,NQU2
2022-08-10,True,ok,2958,91,NQU2
2022-08-11,True,ok,3276,91,NQU2
2022-08-12,True,ok,3044,91,NQU2
2022-08-13,False,no_primary_data,0,0,
2022-08-14,False,no_primary_data,0,0,
2022-08-15,True,ok,2822,91,NQU2
2022-08-16,True,ok,2874,91,NQU2
2022-08-17,True,ok,3062,91,NQU2
2022-08-18,True,ok,2983,91,NQU2
2022-08-19,True,ok,3368,91,NQU2
2022-08-20,False,no_primary_data,0,0,
2022-08-21,False,no_primary_data,0,0,
2022-08-22,True,ok,4082,91,NQU2
2022-08-23,True,ok,4079,91,NQU2
2022-08-24,True,ok,3753,91,NQU2
2022-08-25,True,ok,3153,91,NQU2
2022-08-26,True,ok,2971,91,NQU2
2022-08-27,False,no_primary_data,0,0,
2022-08-28,False,no_primary_data,0,0,
2022-08-29,True,ok,4165,91,NQU2
2022-08-30,True,ok,4243,91,NQU2
2022-08-31,True,ok,3933,91,NQU2
2022-09-01,True,ok,4228,91,NQU2
2022-09-02,True,ok,3545,91,NQU2
2022-09-03,False,no_primary_data,0,0,
2022-09-04,False,no_primary_data,0,0,
2022-09-05,True,ok,3700,91,NQU2
2022-09-06,True,ok,4011,91,NQU2
2022-09-07,True,ok,4248,91,NQU2
2022-09-08,True,ok,4109,91,NQU2
2022-09-09,True,ok,4010,91,NQU2
2022-09-10,False,no_primary_data,0,0,
2022-09-11,False,no_primary_data,0,0,
2022-09-12,True,ok,3342,91,NQU2
2022-09-13,True,ok,2281,91,NQZ2
2022-09-14,True,ok,3778,91,NQZ2
2022-09-15,True,ok,2966,91,NQZ2
2022-09-16,True,ok,3394,91,NQZ2
2022-09-17,False,no_primary_data,0,0,
2022-09-18,False,no_primary_data,0,0,
2022-09-19,True,ok,3682,91,NQZ2
2022-09-20,True,ok,4331,91,NQZ2
2022-09-21,True,ok,4223,91,NQZ2
2022-09-22,True,ok,4579,91,NQZ2
2022-09-23,True,ok,4004,91,NQZ2
2022-09-24,False,no_primary_data,0,0,
2022-09-25,False,no_primary_data,0,0,
2022-09-26,True,ok,4878,91,NQZ2
2022-09-27,True,ok,4395,91,NQZ2
2022-09-28,True,ok,4956,91,NQZ2
2022-09-29,True,ok,4892,91,NQZ2
2022-09-30,True,ok,4677,91,NQZ2
2022-10-01,False,no_primary_data,0,0,
2022-10-02,False,no_primary_data,0,0,
2022-10-03,True,ok,4817,91,NQZ2
2022-10-04,True,ok,4634,91,NQZ2
2022-10-05,True,ok,4415,91,NQZ2
2022-10-06,True,ok,4484,91,NQZ2
2022-10-07,True,ok,3906,91,NQZ2
2022-10-08,False,no_primary_data,0,0,
2022-10-09,False,no_primary_data,0,0,
2022-10-10,True,ok,4033,91,NQZ2
2022-10-11,True,ok,4541,91,NQZ2
2022-10-12,True,ok,4557,91,NQZ2
2022-10-13,True,ok,3428,91,NQZ2
2022-10-14,True,ok,4520,91,NQZ2
2022-10-15,False,no_primary_data,0,0,
2022-10-16,False,no_primary_data,0,0,
2022-10-17,True,ok,4230,91,NQZ2
2022-10-18,True,ok,4219,91,NQZ2
2022-10-19,True,ok,4337,91,NQZ2
2022-10-20,True,ok,4309,91,NQZ2
2022-10-21,True,ok,4364,91,NQZ2
2022-10-22,False,no_primary_data,0,0,
2022-10-23,False,no_primary_data,0,0,
2022-10-24,True,ok,4837,91,NQZ2
2022-10-25,True,ok,4049,91,NQZ2
2022-10-26,True,ok,4318,91,NQZ2
2022-10-27,True,ok,4218,91,NQZ2
2022-10-28,True,ok,4175,91,NQZ2
2022-10-29,False,no_primary_data,0,0,
2022-10-30,False,no_primary_data,0,0,
2022-10-31,True,ok,2993,91,NQZ2
2022-11-01,True,ok,3482,91,NQZ2
2022-11-02,True,ok,3111,91,NQZ2
2022-11-03,True,ok,3840,91,NQZ2
2022-11-04,True,ok,3736,91,NQZ2
2022-11-05,False,no_primary_data,0,0,
2022-11-06,False,no_primary_data,0,0,
2022-11-07,True,ok,4057,91,NQZ2
2022-11-08,True,ok,3770,91,NQZ2
2022-11-09,True,ok,3758,91,NQZ2
2022-11-10,True,ok,3094,91,NQZ2
2022-11-11,True,ok,4095,91,NQZ2
2022-11-12,False,no_primary_data,0,0,
2022-11-13,False,no_primary_data,0,0,
2022-11-14,True,ok,4110,91,NQZ2
2022-11-15,True,ok,3446,91,NQZ2
2022-11-16,True,ok,3027,91,NQZ2
2022-11-17,True,ok,3404,91,NQZ2
2022-11-18,True,ok,3684,91,NQZ2
2022-11-19,False,no_primary_data,0,0,
2022-11-20,False,no_primary_data,0,0,
2022-11-21,True,ok,3375,91,NQZ2
2022-11-22,True,ok,3608,91,NQZ2
2022-11-23,True,ok,2755,91,NQZ2
2022-11-24,True,ok,2686,91,NQZ2
2022-11-25,True,ok,2330,91,NQZ2
2022-11-26,False,no_primary_data,0,0,
2022-11-27,False,no_primary_data,0,0,
2022-11-28,True,ok,3645,91,NQZ2
2022-11-29,True,ok,3276,91,NQZ2
2022-11-30,True,ok,3115,91,NQZ2
2022-12-01,True,ok,3822,91,NQZ2
2022-12-02,True,ok,2875,91,NQZ2
2022-12-03,False,no_primary_data,0,0,
2022-12-04,False,no_primary_data,0,0,
2022-12-05,True,ok,3343,91,NQZ2
2022-12-06,True,ok,3406,91,NQZ2
2022-12-07,True,ok,3221,91,NQZ2
2022-12-08,True,ok,2963,91,NQZ2
2022-12-09,True,ok,2724,91,NQZ2
2022-12-10,False,no_primary_data,0,0,
2022-12-11,False,no_primary_data,0,0,
2022-12-12,True,ok,2206,91,NQZ2
2022-12-13,True,ok,2351,91,NQH3
2022-12-14,True,ok,2616,91,NQH3
2022-12-15,True,ok,3947,91,NQH3
2022-12-16,True,ok,4230,91,NQH3
2022-12-17,False,no_primary_data,0,0,
2022-12-18,False,no_primary_data,0,0,
2022-12-19,True,ok,3198,91,NQH3
2022-12-20,True,ok,4177,91,NQH3
2022-12-21,True,ok,3137,91,NQH3
2022-12-22,True,ok,2582,91,NQH3
2022-12-23,True,ok,2961,91,NQH3
2022-12-24,False,no_primary_data,0,0,
2022-12-25,False,no_primary_data,0,0,
2022-12-26,False,no_primary_data,0,0,
2022-12-27,True,ok,2486,91,NQH3
2022-12-28,True,ok,2810,91,NQH3
2022-12-29,True,ok,2717,91,NQH3
2022-12-30,True,ok,2974,91,NQH3
2022-12-31,False,no_primary_data,0,0,
2023-01-01,False,no_primary_data,0,0,
2023-01-02,False,no_primary_data,0,0,
2023-01-03,True,ok,4244,91,NQH3
2023-01-04,True,ok,3848,91,NQH3
2023-01-05,True,ok,3571,91,NQH3
2023-01-06,True,ok,3152,91,NQH3
2023-01-07,False,no_primary_data,0,0,
2023-01-08,False,no_primary_data,0,0,
2023-01-09,True,ok,3566,91,NQH3
2023-01-10,True,ok,3349,91,NQH3
2023-01-11,True,ok,3274,91,NQH3
2023-01-12,True,ok,2769,91,NQH3
2023-01-13,True,ok,3132,91,NQH3
2023-01-14,False,no_primary_data,0,0,
2023-01-15,False,no_primary_data,0,0,
2023-01-16,True,ok,2899,91,NQH3
2023-01-17,True,ok,2946,91,NQH3
2023-01-18,True,ok,2999,91,NQH3
2023-01-19,True,ok,3407,91,NQH3
2023-01-20,True,ok,3332,91,NQH3
2023-01-21,False,no_primary_data,0,0,
2023-01-22,False,no_primary_data,0,0,
2023-01-23,True,ok,3033,91,NQH3
2023-01-24,True,ok,2728,91,NQH3
2023-01-25,True,ok,2814,91,NQH3
2023-01-26,True,ok,2885,91,NQH3
2023-01-27,True,ok,2739,91,NQH3
2023-01-28,False,no_primary_data,0,0,
2023-01-29,False,no_primary_data,0,0,
2023-01-30,True,ok,4131,91,NQH3
2023-01-31,True,ok,3655,91,NQH3
2023-02-01,True,ok,2871,91,NQH3
2023-02-02,True,ok,4120,91,NQH3
2023-02-03,True,ok,3882,91,NQH3
2023-02-04,False,no_primary_data,0,0,
2023-02-05,False,no_primary_data,0,0,
2023-02-06,True,ok,3791,91,NQH3
2023-02-07,True,ok,3779,91,NQH3
2023-02-08,True,ok,3739,91,NQH3
2023-02-09,True,ok,3697,91,NQH3
2023-02-10,True,ok,3971,91,NQH3
2023-02-11,False,no_primary_data,0,0,
2023-02-12,False,no_primary_data,0,0,
2023-02-13,True,ok,3366,91,NQH3
2023-02-14,True,ok,2811,91,NQH3
2023-02-15,True,ok,3386,91,NQH3
2023-02-16,True,ok,3099,91,NQH3
2023-02-17,True,ok,4111,91,NQH3
2023-02-18,False,no_primary_data,0,0,
2023-02-19,False,no_primary_data,0,0,
2023-02-20,True,ok,2220,91,NQH3
2023-02-21,True,ok,4250,91,NQH3
2023-02-22,True,ok,3887,91,NQH3
2023-02-23,True,ok,3525,91,NQH3
2023-02-24,True,ok,3085,91,NQH3
2023-02-25,False,no_primary_data,0,0,
2023-02-26,False,no_primary_data,0,0,
2023-02-27,True,ok,3428,91,NQH3
2023-02-28,True,ok,3539,91,NQH3
2023-03-01,True,ok,3609,91,NQH3
2023-03-02,True,ok,3893,91,NQH3
2023-03-03,True,ok,3399,91,NQH3
2023-03-04,False,no_primary_data,0,0,
2023-03-05,False,no_primary_data,0,0,
2023-03-06,True,ok,3390,91,NQH3
2023-03-07,True,ok,2914,91,NQH3
2023-03-08,True,ok,3492,91,NQH3
2023-03-09,True,ok,3497,91,NQH3
2023-03-10,True,ok,3694,91,NQH3
2023-03-11,False,no_primary_data,0,0,
2023-03-12,False,no_primary_data,0,0,
2023-03-13,True,ok,3126,91,NQH3
2023-03-14,True,ok,3049,91,NQM3
2023-03-15,True,ok,3112,91,NQM3
2023-03-16,True,ok,3798,91,NQM3
2023-03-17,True,ok,3505,91,NQM3
2023-03-18,False,no_primary_data,0,0,
2023-03-19,False,no_primary_data,0,0,
2023-03-20,True,ok,4436,91,NQM3
2023-03-21,True,ok,3083,91,NQM3
2023-03-22,True,ok,3100,91,NQM3
2023-03-23,True,ok,3198,91,NQM3
2023-03-24,True,ok,3367,91,NQM3
2023-03-25,False,no_primary_data,0,0,
2023-03-26,False,no_primary_data,0,0,
2023-03-27,True,ok,3852,91,NQM3
2023-03-28,True,ok,3640,91,NQM3
2023-03-29,True,ok,3491,91,NQM3
2023-03-30,True,ok,3379,91,NQM3
2023-03-31,True,ok,3201,91,NQM3
2023-04-01,False,no_primary_data,0,0,
2023-04-02,False,no_primary_data,0,0,
2023-04-03,True,ok,3315,91,NQM3
2023-04-04,True,ok,2811,91,NQM3
2023-04-05,True,ok,3341,91,NQM3
2023-04-06,True,ok,3235,91,NQM3
2023-04-07,False,gap_missing_min(1p1),957,90,NQM3
2023-04-08,False,no_primary_data,0,0,
2023-04-09,False,no_primary_data,0,0,
2023-04-10,True,ok,1998,91,NQM3
2023-04-11,True,ok,2997,91,NQM3
2023-04-12,True,ok,2867,91,NQM3
2023-04-13,True,ok,2964,91,NQM3
2023-04-14,True,ok,2891,91,NQM3
2023-04-15,False,no_primary_data,0,0,
2023-04-16,False,no_primary_data,0,0,
2023-04-17,True,ok,2838,91,NQM3
2023-04-18,True,ok,2767,91,NQM3
2023-04-19,True,ok,3027,91,NQM3
2023-04-20,True,ok,3656,91,NQM3
2023-04-21,True,ok,3179,91,NQM3
2023-04-22,False,no_primary_data,0,0,
2023-04-23,False,no_primary_data,0,0,
2023-04-24,True,ok,2505,91,NQM3
2023-04-25,True,ok,3681,91,NQM3
2023-04-26,True,ok,3591,91,NQM3
2023-04-27,True,ok,3053,91,NQM3
2023-04-28,True,ok,3509,91,NQM3
2023-04-29,False,no_primary_data,0,0,
2023-04-30,False,no_primary_data,0,0,
2023-05-01,True,ok,2008,91,NQM3
2023-05-02,True,ok,2873,91,NQM3
2023-05-03,True,ok,2493,91,NQM3
2023-05-04,True,ok,3701,91,NQM3
2023-05-05,True,ok,2623,91,NQM3
2023-05-06,False,no_primary_data,0,0,
2023-05-07,False,no_primary_data,0,0,
2023-05-08,True,ok,2412,91,NQM3
2023-05-09,True,ok,2655,91,NQM3
2023-05-10,True,ok,3293,91,NQM3
2023-05-11,True,ok,3117,91,NQM3
2023-05-12,True,ok,2866,91,NQM3
2023-05-13,False,no_primary_data,0,0,
2023-05-14,False,no_primary_data,0,0,
2023-05-15,True,ok,2796,91,NQM3
2023-05-16,True,ok,2803,91,NQM3
2023-05-17,True,ok,3052,91,NQM3
2023-05-18,True,ok,3016,91,NQM3
2023-05-19,True,ok,2791,91,NQM3
2023-05-20,False,no_primary_data,0,0,
2023-05-21,False,no_primary_data,0,0,
2023-05-22,True,ok,2629,91,NQM3
2023-05-23,True,ok,2725,91,NQM3
2023-05-24,True,ok,3552,91,NQM3
2023-05-25,True,ok,3699,91,NQM3
2023-05-26,True,ok,3245,91,NQM3
2023-05-27,False,no_primary_data,0,0,
2023-05-28,False,no_primary_data,0,0,
2023-05-29,True,ok,1895,91,NQM3
2023-05-30,True,ok,3506,91,NQM3
2023-05-31,True,ok,3405,91,NQM3
2023-06-01,True,ok,3079,91,NQM3
2023-06-02,True,ok,2845,91,NQM3
2023-06-03,False,no_primary_data,0,0,
2023-06-04,False,no_primary_data,0,0,
2023-06-05,True,ok,2820,91,NQM3
2023-06-06,True,ok,2911,91,NQM3
2023-06-07,True,ok,2463,91,NQM3
2023-06-08,True,ok,3170,91,NQM3
2023-06-09,True,ok,2564,91,NQM3
2023-06-10,False,no_primary_data,0,0,
2023-06-11,False,no_primary_data,0,0,
2023-06-12,True,ok,1986,91,NQU3
2023-06-13,True,ok,2585,91,NQU3
2023-06-14,True,ok,2417,91,NQU3
2023-06-15,True,ok,2795,91,NQU3
2023-06-16,True,ok,2938,91,NQU3
2023-06-17,False,no_primary_data,0,0,
2023-06-18,False,no_primary_data,0,0,
2023-06-19,True,ok,2690,91,NQU3
2023-06-20,True,ok,3242,91,NQU3
2023-06-21,True,ok,2810,91,NQU3
2023-06-22,True,ok,3482,91,NQU3
2023-06-23,True,ok,3634,91,NQU3
2023-06-24,False,no_primary_data,0,0,
2023-06-25,False,no_primary_data,0,0,
2023-06-26,True,ok,3675,91,NQU3
2023-06-27,True,ok,2869,91,NQU3
2023-06-28,True,ok,2788,91,NQU3
2023-06-29,True,ok,2999,91,NQU3
2023-06-30,True,ok,2442,91,NQU3
2023-07-01,False,no_primary_data,0,0,
2023-07-02,False,no_primary_data,0,0,
2023-07-03,True,ok,2630,91,NQU3
2023-07-04,True,ok,1511,91,NQU3
2023-07-05,True,ok,2900,91,NQU3
2023-07-06,True,ok,3347,91,NQU3
2023-07-07,True,ok,3166,91,NQU3
2023-07-08,False,no_primary_data,0,0,
2023-07-09,False,no_primary_data,0,0,
2023-07-10,True,ok,3256,91,NQU3
2023-07-11,True,ok,2860,91,NQU3
2023-07-12,True,ok,2385,91,NQU3
2023-07-13,True,ok,2740,91,NQU3
2023-07-14,True,ok,2670,91,NQU3
2023-07-15,False,no_primary_data,0,0,
2023-07-16,False,no_primary_data,0,0,
2023-07-17,True,ok,2557,91,NQU3
2023-07-18,True,ok,2373,91,NQU3
2023-07-19,True,ok,2733,91,NQU3
2023-07-20,True,ok,3415,91,NQU3
2023-07-21,True,ok,3074,91,NQU3
2023-07-22,False,no_primary_data,0,0,
2023-07-23,False,no_primary_data,0,0,
2023-07-24,True,ok,3133,91,NQU3
2023-07-25,True,ok,2876,91,NQU3
2023-07-26,True,ok,2501,91,NQU3
2023-07-27,True,ok,3440,91,NQU3
2023-07-28,True,ok,3617,91,NQU3
2023-07-29,False,no_primary_data,0,0,
2023-07-30,False,no_primary_data,0,0,
2023-07-31,True,ok,2792,91,NQU3
2023-08-01,True,ok,3059,91,NQU3
2023-08-02,True,ok,3945,91,NQU3
2023-08-03,True,ok,4440,91,NQU3
2023-08-04,True,ok,3417,91,NQU3
2023-08-05,False,no_primary_data,0,0,
2023-08-06,False,no_primary_data,0,0,
2023-08-07,True,ok,3257,91,NQU3
2023-08-08,True,ok,3099,91,NQU3
2023-08-09,True,ok,3248,91,NQU3
2023-08-10,True,ok,3251,91,NQU3
2023-08-11,True,ok,2975,91,NQU3
2023-08-12,False,no_primary_data,0,0,
2023-08-13,False,no_primary_data,0,0,
2023-08-14,True,ok,3726,91,NQU3
2023-08-15,True,ok,3945,91,NQU3
2023-08-16,True,ok,3030,91,NQU3
2023-08-17,True,ok,3459,91,NQU3
2023-08-18,True,ok,3558,91,NQU3
2023-08-19,False,no_primary_data,0,0,
2023-08-20,False,no_primary_data,0,0,
2023-08-21,True,ok,3562,91,NQU3
2023-08-22,True,ok,3755,91,NQU3
2023-08-23,True,ok,3291,91,NQU3
2023-08-24,True,ok,3724,91,NQU3
2023-08-25,True,ok,3531,91,NQU3
2023-08-26,False,no_primary_data,0,0,
2023-08-27,False,no_primary_data,0,0,
2023-08-28,True,ok,2910,91,NQU3
2023-08-29,True,ok,3291,91,NQU3
2023-08-30,True,ok,3536,91,NQU3
2023-08-31,True,ok,3390,91,NQU3
2023-09-01,True,ok,3139,91,NQU3
2023-09-02,False,no_primary_data,0,0,
2023-09-03,False,no_primary_data,0,0,
2023-09-04,True,ok,2132,91,NQU3
2023-09-05,True,ok,3735,91,NQU3
2023-09-06,True,ok,3474,91,NQU3
2023-09-07,True,ok,3959,91,NQU3
2023-09-08,True,ok,3475,91,NQU3
2023-09-09,False,no_primary_data,0,0,
2023-09-10,False,no_primary_data,0,0,
2023-09-11,True,ok,2514,91,NQZ3
2023-09-12,True,ok,2905,91,NQZ3
2023-09-13,True,ok,3279,91,NQZ3
2023-09-14,True,ok,3182,91,NQZ3
2023-09-15,True,ok,3509,91,NQZ3
2023-09-16,False,no_primary_data,0,0,
2023-09-17,False,no_primary_data,0,0,
2023-09-18,True,ok,2798,91,NQZ3
2023-09-19,True,ok,2964,91,NQZ3
2023-09-20,True,ok,2789,91,NQZ3
2023-09-21,True,ok,3377,91,NQZ3
2023-09-22,True,ok,3763,91,NQZ3
2023-09-23,False,no_primary_data,0,0,
2023-09-24,False,no_primary_data,0,0,
2023-09-25,True,ok,3197,91,NQZ3
2023-09-26,True,ok,4142,91,NQZ3
2023-09-27,True,ok,3296,91,NQZ3
2023-09-28,True,ok,3655,91,NQZ3
2023-09-29,True,ok,3527,91,NQZ3
2023-09-30,False,no_primary_data,0,0,
2023-10-01,False,no_primary_data,0,0,
2023-10-02,True,ok,3482,91,NQZ3
2023-10-03,True,ok,3726,91,NQZ3
2023-10-04,True,ok,4466,91,NQZ3
2023-10-05,True,ok,3423,91,NQZ3
2023-10-06,True,ok,3395,91,NQZ3
2023-10-07,False,no_primary_data,0,0,
2023-10-08,False,no_primary_data,0,0,
2023-10-09,True,ok,4070,91,NQZ3
2023-10-10,True,ok,3867,91,NQZ3
2023-10-11,True,ok,3649,91,NQZ3
2023-10-12,True,ok,3098,91,NQZ3
2023-10-13,True,ok,2968,91,NQZ3
2023-10-14,False,no_primary_data,0,0,
2023-10-15,False,no_primary_data,0,0,
2023-10-16,True,ok,3879,91,NQZ3
2023-10-17,True,ok,3307,91,NQZ3
2023-10-18,True,ok,3920,91,NQZ3
2023-10-19,True,ok,4269,91,NQZ3
2023-10-20,True,ok,4088,91,NQZ3
2023-10-21,False,no_primary_data,0,0,
2023-10-22,False,no_primary_data,0,0,
2023-10-23,True,ok,3955,91,NQZ3
2023-10-24,True,ok,3737,91,NQZ3
2023-10-25,True,ok,4119,91,NQZ3
2023-10-26,True,ok,4542,91,NQZ3
2023-10-27,True,ok,3426,91,NQZ3
2023-10-28,False,no_primary_data,0,0,
2023-10-29,False,no_primary_data,0,0,
2023-10-30,True,ok,2899,91,NQZ3
2023-10-31,True,ok,2836,91,NQZ3
2023-11-01,True,ok,2740,91,NQZ3
2023-11-02,True,ok,3031,91,NQZ3
2023-11-03,True,ok,2549,91,NQZ3
2023-11-04,False,no_primary_data,0,0,
2023-11-05,False,no_primary_data,0,0,
2023-11-06,True,ok,2980,91,NQZ3
2023-11-07,True,ok,3075,91,NQZ3
2023-11-08,True,ok,3156,91,NQZ3
2023-11-09,True,ok,3454,91,NQZ3
2023-11-10,True,ok,3350,91,NQZ3
2023-11-11,False,no_primary_data,0,0,
2023-11-12,False,no_primary_data,0,0,
2023-11-13,True,ok,3015,91,NQZ3
2023-11-14,True,ok,3052,91,NQZ3
2023-11-15,True,ok,3757,91,NQZ3
2023-11-16,True,ok,3299,91,NQZ3
2023-11-17,True,ok,3567,91,NQZ3
2023-11-18,False,no_primary_data,0,0,
2023-11-19,False,no_primary_data,0,0,
2023-11-20,True,ok,3658,91,NQZ3
2023-11-21,True,ok,3059,91,NQZ3
2023-11-22,True,ok,3189,91,NQZ3
2023-11-23,True,ok,2104,91,NQZ3
2023-11-24,True,ok,2670,91,NQZ3
2023-11-25,False,no_primary_data,0,0,
2023-11-26,False,no_primary_data,0,0,
2023-11-27,True,ok,2795,91,NQZ3
2023-11-28,True,ok,3288,91,NQZ3
2023-11-29,True,ok,3639,91,NQZ3
2023-11-30,True,ok,3084,91,NQZ3
2023-12-01,True,ok,3231,91,NQZ3
2023-12-02,False,no_primary_data,0,0,
2023-12-03,False,no_primary_data,0,0,
2023-12-04,True,ok,3645,91,NQZ3
2023-12-05,True,ok,3503,91,NQZ3
2023-12-06,True,ok,3474,91,NQZ3
2023-12-07,True,ok,3610,91,NQZ3
2023-12-08,True,ok,2652,91,NQZ3
2023-12-09,False,no_primary_data,0,0,
2023-12-10,False,no_primary_data,0,0,
2023-12-11,True,ok,2223,91,NQH4
2023-12-12,True,ok,2605,91,NQH4
2023-12-13,True,ok,2507,91,NQH4
2023-12-14,True,ok,3998,91,NQH4
2023-12-15,True,ok,3143,91,NQH4
2023-12-16,False,no_primary_data,0,0,
2023-12-17,False,no_primary_data,0,0,
2023-12-18,True,ok,3297,91,NQH4
2023-12-19,True,ok,2832,91,NQH4
2023-12-20,True,ok,3774,91,NQH4
2023-12-21,True,ok,3192,91,NQH4
2023-12-22,True,ok,2581,91,NQH4
2023-12-23,False,no_primary_data,0,0,
2023-12-24,False,no_primary_data,0,0,
2023-12-25,False,no_primary_data,0,0,
2023-12-26,True,ok,1379,91,NQH4
2023-12-27,True,ok,2520,91,NQH4
2023-12-28,True,ok,2360,91,NQH4
2023-12-29,True,ok,2314,91,NQH4
2023-12-30,False,no_primary_data,0,0,
2023-12-31,False,no_primary_data,0,0,
2024-01-01,False,no_primary_data,0,0,
2024-01-02,True,ok,2662,91,NQH4
2024-01-03,True,ok,3443,91,NQH4
2024-01-04,True,ok,2989,91,NQH4
2024-01-05,True,ok,3101,91,NQH4
2024-01-06,False,no_primary_data,0,0,
2024-01-07,False,no_primary_data,0,0,
2024-01-08,True,ok,3013,91,NQH4
2024-01-09,True,ok,3130,91,NQH4
2024-01-10,True,ok,3112,91,NQH4
2024-01-11,True,ok,3203,91,NQH4
2024-01-12,True,ok,3231,91,NQH4
2024-01-13,False,no_primary_data,0,0,
2024-01-14,False,no_primary_data,0,0,
2024-01-15,True,ok,2963,91,NQH4
2024-01-16,True,ok,3866,91,NQH4
2024-01-17,True,ok,3606,91,NQH4
2024-01-18,True,ok,3470,91,NQH4
2024-01-19,True,ok,3509,91,NQH4
2024-01-20,False,no_primary_data,0,0,
2024-01-21,False,no_primary_data,0,0,
2024-01-22,True,ok,3259,91,NQH4
2024-01-23,True,ok,3381,91,NQH4
2024-01-24,True,ok,3543,91,NQH4
2024-01-25,True,ok,3333,91,NQH4
2024-01-26,True,ok,3339,91,NQH4
2024-01-27,False,no_primary_data,0,0,
2024-01-28,False,no_primary_data,0,0,
2024-01-29,True,ok,3457,91,NQH4
2024-01-30,True,ok,3585,91,NQH4
2024-01-31,True,ok,3322,91,NQH4
2024-02-01,True,ok,3609,91,NQH4
2024-02-02,True,ok,3337,91,NQH4
2024-02-03,False,no_primary_data,0,0,
2024-02-04,False,no_primary_data,0,0,
2024-02-05,True,ok,2947,91,NQH4
2024-02-06,True,ok,2945,91,NQH4
2024-02-07,True,ok,2261,91,NQH4
2024-02-08,True,ok,2695,91,NQH4
2024-02-09,True,ok,3040,91,NQH4
2024-02-10,False,no_primary_data,0,0,
2024-02-11,False,no_primary_data,0,0,
2024-02-12,True,ok,2450,91,NQH4
2024-02-13,True,ok,3415,91,NQH4
2024-02-14,True,ok,2997,91,NQH4
2024-02-15,True,ok,2886,91,NQH4
2024-02-16,True,ok,3163,91,NQH4
2024-02-17,False,no_primary_data,0,0,
2024-02-18,False,no_primary_data,0,0,
2024-02-19,True,ok,2359,91,NQH4
2024-02-20,True,ok,3829,91,NQH4
2024-02-21,True,ok,3444,91,NQH4
2024-02-22,True,ok,4225,91,NQH4
2024-02-23,True,ok,2760,91,NQH4
2024-02-24,False,no_primary_data,0,0,
2024-02-25,False,no_primary_data,0,0,
2024-02-26,True,ok,2670,91,NQH4
2024-02-27,True,ok,2954,91,NQH4
2024-02-28,True,ok,3141,91,NQH4
2024-02-29,True,ok,3524,91,NQH4
2024-03-01,True,ok,3163,91,NQH4
2024-03-02,False,no_primary_data,0,0,
2024-03-03,False,no_primary_data,0,0,
2024-03-04,True,ok,2646,91,NQH4
2024-03-05,True,ok,3292,91,NQH4
2024-03-06,True,ok,3511,91,NQH4
2024-03-07,True,ok,3782,91,NQH4
2024-03-08,True,ok,3225,91,NQH4
2024-03-09,False,no_primary_data,0,0,
2024-03-10,False,no_primary_data,0,0,
2024-03-11,True,ok,2874,91,NQM4
2024-03-12,True,ok,2136,91,NQM4
2024-03-13,True,ok,2811,91,NQM4
2024-03-14,True,ok,2206,91,NQM4
2024-03-15,True,ok,2459,91,NQM4
2024-03-16,False,no_primary_data,0,0,
2024-03-17,False,no_primary_data,0,0,
2024-03-18,True,ok,2739,91,NQM4
2024-03-19,True,ok,2479,91,NQM4
2024-03-20,True,ok,2355,91,NQM4
2024-03-21,True,ok,3282,91,NQM4
2024-03-22,True,ok,2869,91,NQM4
2024-03-23,False,no_primary_data,0,0,
2024-03-24,False,no_primary_data,0,0,
2024-03-25,True,ok,2242,91,NQM4
2024-03-26,True,ok,2987,91,NQM4
2024-03-27,True,ok,2897,91,NQM4
2024-03-28,True,ok,2300,91,NQM4
2024-03-29,False,no_primary_data,0,0,
2024-03-30,False,no_primary_data,0,0,
2024-03-31,False,no_primary_data,0,0,
2024-04-01,True,ok,2253,91,NQM4
2024-04-02,True,ok,3520,91,NQM4
2024-04-03,True,ok,3318,91,NQM4
2024-04-04,True,ok,2728,91,NQM4
2024-04-05,True,ok,3157,91,NQM4
2024-04-06,False,no_primary_data,0,0,
2024-04-07,False,no_primary_data,0,0,
2024-04-08,True,ok,3545,91,NQM4
2024-04-09,True,ok,3262,91,NQM4
2024-04-10,True,ok,2474,91,NQM4
2024-04-11,True,ok,3104,91,NQM4
2024-04-12,True,ok,3300,91,NQM4
2024-04-13,False,no_primary_data,0,0,
2024-04-14,False,no_primary_data,0,0,
2024-04-15,True,ok,3493,91,NQM4
2024-04-16,True,ok,3806,91,NQM4
2024-04-17,True,ok,3735,91,NQM4
2024-04-18,True,ok,3414,91,NQM4
2024-04-19,True,ok,4085,91,NQM4
2024-04-20,False,no_primary_data,0,0,
2024-04-21,False,no_primary_data,0,0,
2024-04-22,True,ok,3265,91,NQM4
2024-04-23,True,ok,3293,91,NQM4
2024-04-24,True,ok,2936,91,NQM4
2024-04-25,True,ok,3477,91,NQM4
2024-04-26,True,ok,3066,91,NQM4
2024-04-27,False,no_primary_data,0,0,
2024-04-28,False,no_primary_data,0,0,
2024-04-29,True,ok,2819,91,NQM4
2024-04-30,True,ok,2473,91,NQM4
2024-05-01,True,ok,2392,91,NQM4
2024-05-02,True,ok,3363,91,NQM4
2024-05-03,True,ok,2379,91,NQM4
2024-05-04,False,no_primary_data,0,0,
2024-05-05,False,no_primary_data,0,0,
2024-05-06,True,ok,2544,91,NQM4
2024-05-07,True,ok,2722,91,NQM4
2024-05-08,True,ok,2304,91,NQM4
2024-05-09,True,ok,2675,91,NQM4
2024-05-10,True,ok,2933,91,NQM4
2024-05-11,False,no_primary_data,0,0,
2024-05-12,False,no_primary_data,0,0,
2024-05-13,True,ok,2389,91,NQM4
2024-05-14,True,ok,2130,91,NQM4
2024-05-15,True,ok,2382,91,NQM4
2024-05-16,True,ok,2403,91,NQM4
2024-05-17,True,ok,2803,91,NQM4
2024-05-18,False,no_primary_data,0,0,
2024-05-19,False,no_primary_data,0,0,
2024-05-20,True,ok,2023,91,NQM4
2024-05-21,True,ok,2047,91,NQM4
2024-05-22,True,ok,2504,91,NQM4
2024-05-23,True,ok,2789,91,NQM4
2024-05-24,True,ok,2712,91,NQM4
2024-05-25,False,no_primary_data,0,0,
2024-05-26,False,no_primary_data,0,0,
2024-05-27,True,ok,1493,91,NQM4
2024-05-28,True,ok,3036,91,NQM4
2024-05-29,True,ok,3707,91,NQM4
2024-05-30,True,ok,3338,91,NQM4
2024-05-31,True,ok,3307,91,NQM4
2024-06-01,False,no_primary_data,0,0,
2024-06-02,False,no_primary_data,0,0,
2024-06-03,True,ok,3574,91,NQM4
2024-06-04,True,ok,3559,91,NQM4
2024-06-05,True,ok,2788,91,NQM4
2024-06-06,True,ok,2770,91,NQM4
2024-06-07,True,ok,2521,91,NQM4
2024-06-08,False,no_primary_data,0,0,
2024-06-09,False,no_primary_data,0,0,
2024-06-10,True,ok,3408,91,NQM4
2024-06-11,True,ok,2499,91,NQM4
2024-06-12,True,ok,2325,91,NQM4
2024-06-13,True,ok,3130,91,NQM4
2024-06-14,True,ok,3640,91,NQM4
2024-06-15,False,no_primary_data,0,0,
2024-06-16,False,no_primary_data,0,0,
2024-06-17,True,ok,2810,91,NQU4
2024-06-18,True,ok,2794,91,NQU4
2024-06-19,True,ok,1712,91,NQU4
2024-06-20,True,ok,3256,91,NQU4
2024-06-21,True,ok,3789,91,NQU4
2024-06-22,False,no_primary_data,0,0,
2024-06-23,False,no_primary_data,0,0,
2024-06-24,True,ok,2685,91,NQU4
2024-06-25,True,ok,3621,91,NQU4
2024-06-26,True,ok,3533,91,NQU4
2024-06-27,True,ok,2480,91,NQU4
2024-06-28,True,ok,2475,91,NQU4
2024-06-29,False,no_primary_data,0,0,
2024-06-30,False,no_primary_data,0,0,
2024-07-01,True,ok,3748,91,NQU4
2024-07-02,True,ok,3615,91,NQU4
2024-07-03,True,ok,2465,91,NQU4
2024-07-04,True,ok,1439,91,NQU4
2024-07-05,True,ok,2772,91,NQU4
2024-07-06,False,no_primary_data,0,0,
2024-07-07,False,no_primary_data,0,0,
2024-07-08,True,ok,2669,91,NQU4
2024-07-09,True,ok,2493,91,NQU4
2024-07-10,True,ok,2279,91,NQU4
2024-07-11,True,ok,2121,91,NQU4
2024-07-12,True,ok,2813,91,NQU4
2024-07-13,False,no_primary_data,0,0,
2024-07-14,False,no_primary_data,0,0,
2024-07-15,True,ok,2714,91,NQU4
2024-07-16,True,ok,3393,91,NQU4
2024-07-17,True,ok,4666,91,NQU4
2024-07-18,True,ok,4046,91,NQU4
2024-07-19,True,ok,4578,91,NQU4
2024-07-20,False,no_primary_data,0,0,
2024-07-21,False,no_primary_data,0,0,
2024-07-22,True,ok,3332,91,NQU4
2024-07-23,True,ok,3372,91,NQU4
2024-07-24,True,ok,3655,91,NQU4
2024-07-25,True,ok,4618,91,NQU4
2024-07-26,True,ok,3615,91,NQU4
2024-07-27,False,no_primary_data,0,0,
2024-07-28,False,no_primary_data,0,0,
2024-07-29,True,ok,3539,91,NQU4
2024-07-30,True,ok,2742,91,NQU4
2024-07-31,True,ok,3724,91,NQU4
2024-08-01,True,ok,4030,91,NQU4
2024-08-02,True,ok,4293,91,NQU4
2024-08-03,False,no_primary_data,0,0,
2024-08-04,False,no_primary_data,0,0,
2024-08-05,True,ok,4694,91,NQU4
2024-08-06,True,ok,3475,91,NQU4
2024-08-07,True,ok,3425,91,NQU4
2024-08-08,True,ok,3105,91,NQU4
2024-08-09,True,ok,2975,91,NQU4
2024-08-10,False,no_primary_data,0,0,
2024-08-11,False,no_primary_data,0,0,
2024-08-12,True,ok,2330,91,NQU4
2024-08-13,True,ok,3177,91,NQU4
2024-08-14,True,ok,2851,91,NQU4
2024-08-15,True,ok,1901,91,NQU4
2024-08-16,True,ok,2923,91,NQU4
2024-08-17,False,no_primary_data,0,0,
2024-08-18,False,no_primary_data,0,0,
2024-08-19,True,ok,2612,91,NQU4
2024-08-20,True,ok,2507,91,NQU4
2024-08-21,True,ok,2275,91,NQU4
2024-08-22,True,ok,1836,91,NQU4
2024-08-23,True,ok,1978,91,NQU4
2024-08-24,False,no_primary_data,0,0,
2024-08-25,False,no_primary_data,0,0,
2024-08-26,True,ok,2241,91,NQU4
2024-08-27,True,ok,2028,91,NQU4
2024-08-28,True,ok,1895,91,NQU4
2024-08-29,True,ok,3249,91,NQU4
2024-08-30,True,ok,2578,91,NQU4
2024-08-31,False,no_primary_data,0,0,
2024-09-01,False,no_primary_data,0,0,
2024-09-02,True,ok,2148,91,NQU4
2024-09-03,True,ok,2815,91,NQU4
2024-09-04,True,ok,3268,91,NQU4
2024-09-05,True,ok,2816,91,NQU4
2024-09-06,True,ok,3438,91,NQU4
2024-09-07,False,no_primary_data,0,0,
2024-09-08,False,no_primary_data,0,0,
2024-09-09,True,ok,3112,91,NQU4
2024-09-10,True,ok,2554,91,NQU4
2024-09-11,True,ok,2843,91,NQU4
2024-09-12,True,ok,3307,91,NQU4
2024-09-13,True,ok,2653,91,NQU4
2024-09-14,False,no_primary_data,0,0,
2024-09-15,False,no_primary_data,0,0,
2024-09-16,True,ok,1770,91,NQZ4
2024-09-17,True,ok,2758,91,NQZ4
2024-09-18,True,ok,2893,91,NQZ4
2024-09-19,True,ok,3459,91,NQZ4
2024-09-20,True,ok,2559,91,NQZ4
2024-09-21,False,no_primary_data,0,0,
2024-09-22,False,no_primary_data,0,0,
2024-09-23,True,ok,3405,91,NQZ4
2024-09-24,True,ok,2964,91,NQZ4
2024-09-25,True,ok,2446,91,NQZ4
2024-09-26,True,ok,3291,91,NQZ4
2024-09-27,True,ok,3028,91,NQZ4
2024-09-28,False,no_primary_data,0,0,
2024-09-29,False,no_primary_data,0,0,
2024-09-30,True,ok,2906,91,NQZ4
2024-10-01,True,ok,2937,91,NQZ4
2024-10-02,True,ok,2596,91,NQZ4
2024-10-03,True,ok,3439,91,NQZ4
2024-10-04,True,ok,2430,91,NQZ4
2024-10-05,False,no_primary_data,0,0,
2024-10-06,False,no_primary_data,0,0,
2024-10-07,True,ok,3159,91,NQZ4
2024-10-08,True,ok,3312,91,NQZ4
2024-10-09,True,ok,2934,91,NQZ4
2024-10-10,True,ok,2317,91,NQZ4
2024-10-11,True,ok,2622,91,NQZ4
2024-10-12,False,no_primary_data,0,0,
2024-10-13,False,no_primary_data,0,0,
2024-10-14,True,ok,2385,91,NQZ4
2024-10-15,True,ok,2479,91,NQZ4
2024-10-16,True,ok,3192,91,NQZ4
2024-10-17,True,ok,2867,91,NQZ4
2024-10-18,True,ok,2306,91,NQZ4
2024-10-19,False,no_primary_data,0,0,
2024-10-20,False,no_primary_data,0,0,
2024-10-21,True,ok,2187,91,NQZ4
2024-10-22,True,ok,2519,91,NQZ4
2024-10-23,True,ok,2264,91,NQZ4
2024-10-24,True,ok,2878,91,NQZ4
2024-10-25,True,ok,2763,91,NQZ4
2024-10-26,False,no_primary_data,0,0,
2024-10-27,False,no_primary_data,0,0,
2024-10-28,True,ok,2741,91,NQZ4
2024-10-29,True,ok,2844,91,NQZ4
2024-10-30,True,ok,2458,91,NQZ4
2024-10-31,True,ok,3602,91,NQZ4
2024-11-01,True,ok,2734,91,NQZ4
2024-11-02,False,no_primary_data,0,0,
2024-11-03,False,no_primary_data,0,0,
2024-11-04,True,ok,3142,91,NQZ4
2024-11-05,True,ok,2587,91,NQZ4
2024-11-06,True,ok,3643,91,NQZ4
2024-11-07,True,ok,3021,91,NQZ4
2024-11-08,True,ok,2650,91,NQZ4
2024-11-09,False,no_primary_data,0,0,
2024-11-10,False,no_primary_data,0,0,
2024-11-11,True,ok,2896,91,NQZ4
2024-11-12,True,ok,2741,91,NQZ4
2024-11-13,True,ok,2573,91,NQZ4
2024-11-14,True,ok,3073,91,NQZ4
2024-11-15,True,ok,3530,91,NQZ4
2024-11-16,False,no_primary_data,0,0,
2024-11-17,False,no_primary_data,0,0,
2024-11-18,True,ok,3802,91,NQZ4
2024-11-19,True,ok,4098,91,NQZ4
2024-11-20,True,ok,3211,91,NQZ4
2024-11-21,True,ok,3997,91,NQZ4
2024-11-22,True,ok,3387,91,NQZ4
2024-11-23,False,no_primary_data,0,0,
2024-11-24,False,no_primary_data,0,0,
2024-11-25,True,ok,2590,91,NQZ4
2024-11-26,True,ok,3137,91,NQZ4
2024-11-27,True,ok,3535,91,NQZ4
2024-11-28,True,ok,1458,91,NQZ4
2024-11-29,True,ok,2357,91,NQZ4
2024-11-30,False,no_primary_data,0,0,
2024-12-01,False,no_primary_data,0,0,
2024-12-02,True,ok,2069,91,NQZ4
2024-12-03,True,ok,2652,91,NQZ4
2024-12-04,True,ok,2784,91,NQZ4
2024-12-05,True,ok,2409,91,NQZ4
2024-12-06,True,ok,2240,91,NQZ4
2024-12-07,False,no_primary_data,0,0,
2024-12-08,False,no_primary_data,0,0,
2024-12-09,True,ok,2967,91,NQZ4
2024-12-10,True,ok,1984,91,NQZ4
2024-12-11,True,ok,2271,91,NQZ4
2024-12-12,True,ok,2057,91,NQZ4
2024-12-13,True,ok,2313,91,NQZ4
2024-12-14,False,no_primary_data,0,0,
2024-12-15,False,no_primary_data,0,0,
2024-12-16,True,ok,1840,91,NQZ4
2024-12-17,True,ok,2645,91,NQH5
2024-12-18,True,ok,2330,91,NQH5
2024-12-19,True,ok,3881,91,NQH5
2024-12-20,True,ok,4203,91,NQH5
2024-12-21,False,no_primary_data,0,0,
2024-12-22,False,no_primary_data,0,0,
2024-12-23,True,ok,3403,91,NQH5
2024-12-24,True,ok,2091,91,NQH5
2024-12-25,False,no_primary_data,0,0,
2024-12-26,True,ok,3193,91,NQH5
2024-12-27,True,ok,2308,91,NQH5
2024-12-28,False,no_primary_data,0,0,
2024-12-29,False,no_primary_data,0,0,
2024-12-30,True,ok,2792,91,NQH5
2024-12-31,True,ok,2446,91,NQH5
2025-01-01,False,no_primary_data,0,0,
2025-01-02,True,ok,3896,91,NQH5
2025-01-03,True,ok,3227,91,NQH5
2025-01-04,False,no_primary_data,0,0,
2025-01-05,False,no_primary_data,0,0,
2025-01-06,True,ok,3115,91,NQH5
2025-01-07,True,ok,2996,91,NQH5
2025-01-08,True,ok,2785,91,NQH5
2025-01-09,True,ok,2856,91,NQH5
2025-01-10,True,ok,2562,91,NQH5
2025-01-11,False,no_primary_data,0,0,
2025-01-12,False,no_primary_data,0,0,
2025-01-13,True,ok,3834,91,NQH5
2025-01-14,True,ok,3291,91,NQH5
2025-01-15,True,ok,2002,91,NQH5
2025-01-16,True,ok,3752,91,NQH5
2025-01-17,True,ok,2619,91,NQH5
2025-01-18,False,no_primary_data,0,0,
2025-01-19,False,no_primary_data,0,0,
2025-01-20,True,ok,2277,91,NQH5
2025-01-21,True,ok,2369,91,NQH5
2025-01-22,True,ok,2764,91,NQH5
2025-01-23,True,ok,3188,91,NQH5
2025-01-24,True,ok,2361,91,NQH5
2025-01-25,False,no_primary_data,0,0,
2025-01-26,False,no_primary_data,0,0,
2025-01-27,True,ok,5043,91,NQH5
2025-01-28,True,ok,3629,91,NQH5
2025-01-29,True,ok,3102,91,NQH5
2025-01-30,True,ok,2773,91,NQH5
2025-01-31,True,ok,2670,91,NQH5
2025-02-01,False,no_primary_data,0,0,
2025-02-02,False,no_primary_data,0,0,
2025-02-03,True,ok,3865,91,NQH5
2025-02-04,True,ok,3253,91,NQH5
2025-02-05,True,ok,3413,91,NQH5
2025-02-06,True,ok,2709,91,NQH5
2025-02-07,True,ok,2416,91,NQH5
2025-02-08,False,no_primary_data,0,0,
2025-02-09,False,no_primary_data,0,0,
2025-02-10,True,ok,2194,91,NQH5
2025-02-11,True,ok,2521,91,NQH5
2025-02-12,True,ok,2276,91,NQH5
2025-02-13,True,ok,3517,91,NQH5
2025-02-14,True,ok,2647,91,NQH5
2025-02-15,False,no_primary_data,0,0,
2025-02-16,False,no_primary_data,0,0,
2025-02-17,True,ok,1707,91,NQH5
2025-02-18,True,ok,3022,91,NQH5
2025-02-19,True,ok,2423,91,NQH5
2025-02-20,True,ok,2293,91,NQH5
2025-02-21,True,ok,2508,91,NQH5
2025-02-22,False,no_primary_data,0,0,
2025-02-23,False,no_primary_data,0,0,
2025-02-24,True,ok,3441,91,NQH5
2025-02-25,True,ok,3667,91,NQH5
2025-02-26,True,ok,2764,91,NQH5
2025-02-27,True,ok,3174,91,NQH5
2025-02-28,True,ok,3199,91,NQH5
2025-03-01,False,no_primary_data,0,0,
2025-03-02,False,no_primary_data,0,0,
2025-03-03,True,ok,3604,91,NQH5
2025-03-04,True,ok,3731,91,NQH5
2025-03-05,True,ok,3602,91,NQH5
2025-03-06,True,ok,4164,91,NQH5
2025-03-07,True,ok,3133,91,NQH5
2025-03-08,False,no_primary_data,0,0,
2025-03-09,False,no_primary_data,0,0,
2025-03-10,True,ok,3032,91,NQH5
2025-03-11,True,ok,3574,91,NQH5
2025-03-12,True,ok,3281,91,NQH5
2025-03-13,True,ok,3758,91,NQH5
2025-03-14,True,ok,3264,91,NQH5
2025-03-15,False,no_primary_data,0,0,
2025-03-16,False,no_primary_data,0,0,
2025-03-17,True,ok,2404,91,NQH5
2025-03-18,True,ok,2110,91,NQM5
2025-03-19,True,ok,2803,91,NQM5
2025-03-20,True,ok,2351,91,NQM5
2025-03-21,True,ok,2896,91,NQM5
2025-03-22,False,no_primary_data,0,0,
2025-03-23,False,no_primary_data,0,0,
2025-03-24,True,ok,3116,91,NQM5
2025-03-25,True,ok,2705,91,NQM5
2025-03-26,True,ok,2340,91,NQM5
2025-03-27,True,ok,3414,91,NQM5
2025-03-28,True,ok,3658,91,NQM5
2025-03-29,False,no_primary_data,0,0,
2025-03-30,False,no_primary_data,0,0,
2025-03-31,True,ok,4110,91,NQM5
2025-04-01,True,ok,3687,91,NQM5
2025-04-02,True,ok,3351,91,NQM5
2025-04-03,True,ok,3920,91,NQM5
2025-04-04,True,ok,4408,91,NQM5
2025-04-05,False,no_primary_data,0,0,
2025-04-06,False,no_primary_data,0,0,
2025-04-07,True,ok,4929,91,NQM5
2025-04-08,True,ok,3907,91,NQM5
2025-04-09,True,ok,4748,91,NQM5
2025-04-10,True,ok,4467,91,NQM5
2025-04-11,True,ok,4343,91,NQM5
2025-04-12,False,no_primary_data,0,0,
2025-04-13,False,no_primary_data,0,0,
2025-04-14,True,ok,3020,91,NQM5
2025-04-15,True,ok,3311,91,NQM5
2025-04-16,True,ok,3326,91,NQM5
2025-04-17,True,ok,3119,91,NQM5
2025-04-18,False,no_primary_data,0,0,
2025-04-19,False,no_primary_data,0,0,
2025-04-20,False,no_primary_data,0,0,
2025-04-21,True,ok,2216,91,NQM5
2025-04-22,True,ok,3290,91,NQM5
2025-04-23,True,ok,3372,91,NQM5
2025-04-24,True,ok,3551,91,NQM5
2025-04-25,True,ok,3006,91,NQM5
2025-04-26,False,no_primary_data,0,0,
2025-04-27,False,no_primary_data,0,0,
2025-04-28,True,ok,2638,91,NQM5
2025-04-29,True,ok,2909,91,NQM5
2025-04-30,True,ok,2703,91,NQM5
2025-05-01,True,ok,2534,91,NQM5
2025-05-02,True,ok,3115,91,NQM5
2025-05-03,False,no_primary_data,0,0,
2025-05-04,False,no_primary_data,0,0,
2025-05-05,True,ok,2439,91,NQM5
2025-05-06,True,ok,3288,91,NQM5
2025-05-07,True,ok,2636,91,NQM5
2025-05-08,True,ok,3005,91,NQM5
2025-05-09,True,ok,2952,91,NQM5
2025-05-10,False,no_primary_data,0,0,
2025-05-11,False,no_primary_data,0,0,
2025-05-12,True,ok,4845,91,NQM5
2025-05-13,True,ok,2953,91,NQM5
2025-05-14,True,ok,3308,91,NQM5
2025-05-15,True,ok,3392,91,NQM5
2025-05-16,True,ok,2701,91,NQM5
2025-05-17,False,no_primary_data,0,0,
2025-05-18,False,no_primary_data,0,0,
2025-05-19,True,ok,3655,91,NQM5
2025-05-20,True,ok,2885,91,NQM5
2025-05-21,True,ok,2367,91,NQM5
2025-05-22,True,ok,2840,91,NQM5
2025-05-23,True,ok,2760,91,NQM5
2025-05-24,False,no_primary_data,0,0,
2025-05-25,False,no_primary_data,0,0,
2025-05-26,True,ok,1824,91,NQM5
2025-05-27,True,ok,3395,91,NQM5
2025-05-28,True,ok,2261,91,NQM5
2025-05-29,True,ok,3148,91,NQM5
2025-05-30,True,ok,2583,91,NQM5
2025-05-31,False,no_primary_data,0,0,
2025-06-01,False,no_primary_data,0,0,
2025-06-02,True,ok,3303,91,NQM5
2025-06-03,True,ok,2934,91,NQM5
2025-06-04,True,ok,2440,91,NQM5
2025-06-05,True,ok,2993,91,NQM5
2025-06-06,True,ok,2658,91,NQM5
2025-06-07,False,no_primary_data,0,0,
2025-06-08,False,no_primary_data,0,0,
2025-06-09,True,ok,2471,91,NQM5
2025-06-10,True,ok,3426,91,NQM5
2025-06-11,True,ok,2312,91,NQM5
2025-06-12,True,ok,2707,91,NQM5
2025-06-13,True,ok,3173,91,NQM5
2025-06-14,False,no_primary_data,0,0,
2025-06-15,False,no_primary_data,0,0,
2025-06-16,False,symbol_change,0,0,NQM5|NQU5
2025-06-17,True,ok,2540,91,NQU5
2025-06-18,True,ok,2440,91,NQU5
2025-06-19,True,ok,2283,91,NQU5
2025-06-20,True,ok,2287,91,NQU5
2025-06-21,False,no_primary_data,0,0,
2025-06-22,False,no_primary_data,0,0,
2025-06-23,True,ok,3384,91,NQU5
2025-06-24,True,ok,3805,91,NQU5
2025-06-25,True,ok,2274,91,NQU5
2025-06-26,True,ok,2547,91,NQU5
2025-06-27,True,ok,2416,91,NQU5
2025-06-28,False,no_primary_data,0,0,
2025-06-29,False,no_primary_data,0,0,
2025-06-30,True,ok,2528,91,NQU5
2025-07-01,True,ok,2548,91,NQU5
2025-07-02,True,ok,2661,91,NQU5
2025-07-03,True,ok,1890,91,NQU5
2025-07-04,True,ok,2398,91,NQU5
2025-07-05,False,no_primary_data,0,0,
2025-07-06,False,no_primary_data,0,0,
2025-07-07,True,ok,2212,91,NQU5
2025-07-08,True,ok,2359,91,NQU5
2025-07-09,True,ok,1919,91,NQU5
2025-07-10,True,ok,2244,91,NQU5
2025-07-11,True,ok,3175,91,NQU5
2025-07-12,False,no_primary_data,0,0,
2025-07-13,False,no_primary_data,0,0,
2025-07-14,True,ok,2900,91,NQU5
2025-07-15,True,ok,2571,91,NQU5
2025-07-16,True,ok,2744,91,NQU5
2025-07-17,True,ok,2866,91,NQU5
2025-07-18,True,ok,2203,91,NQU5
2025-07-19,False,no_primary_data,0,0,
2025-07-20,False,no_primary_data,0,0,
2025-07-21,True,ok,2093,91,NQU5
2025-07-22,True,ok,2809,91,NQU5
2025-07-23,True,ok,2764,91,NQU5
2025-07-24,True,ok,2439,91,NQU5
2025-07-25,True,ok,2736,91,NQU5
2025-07-26,False,no_primary_data,0,0,
2025-07-27,False,no_primary_data,0,0,
2025-07-28,True,ok,2628,91,NQU5
2025-07-29,True,ok,2421,91,NQU5
2025-07-30,True,ok,2263,91,NQU5
2025-07-31,True,ok,2966,91,NQU5
2025-08-01,True,ok,4468,91,NQU5
2025-08-02,False,no_primary_data,0,0,
2025-08-03,False,no_primary_data,0,0,
2025-08-04,True,ok,3305,91,NQU5
2025-08-05,True,ok,2951,91,NQU5
2025-08-06,True,ok,2610,91,NQU5
2025-08-07,True,ok,2978,91,NQU5
2025-08-08,True,ok,1623,91,NQU5
2025-08-09,False,no_primary_data,0,0,
2025-08-10,False,no_primary_data,0,0,
2025-08-11,True,ok,2705,91,NQU5
2025-08-12,True,ok,1842,91,NQU5
2025-08-13,True,ok,2447,91,NQU5
2025-08-14,True,ok,1600,91,NQU5
2025-08-15,True,ok,1730,91,NQU5
2025-08-16,False,no_primary_data,0,0,
2025-08-17,False,no_primary_data,0,0,
2025-08-18,True,ok,2938,91,NQU5
2025-08-19,True,ok,1980,91,NQU5
2025-08-20,True,ok,2781,91,NQU5
2025-08-21,True,ok,2241,91,NQU5
2025-08-22,True,ok,2657,91,NQU5
2025-08-23,False,no_primary_data,0,0,
2025-08-24,False,no_primary_data,0,0,
2025-08-25,True,ok,2112,91,NQU5
2025-08-26,True,ok,2950,91,NQU5
2025-08-27,True,ok,2275,91,NQU5
2025-08-28,True,ok,2814,91,NQU5
2025-08-29,True,ok,2788,91,NQU5
2025-08-30,False,no_primary_data,0,0,
2025-08-31,False,no_primary_data,0,0,
2025-09-01,True,ok,2078,91,NQU5
2025-09-02,True,ok,4102,91,NQU5
2025-09-03,True,ok,3156,91,NQU5
2025-09-04,True,ok,2353,91,NQU5
2025-09-05,True,ok,2243,91,NQU5
2025-09-06,False,no_primary_data,0,0,
2025-09-07,False,no_primary_data,0,0,
2025-09-08,True,ok,2263,91,NQU5
2025-09-09,True,ok,2351,91,NQU5
2025-09-10,True,ok,2179,91,NQU5
2025-09-11,True,ok,1972,91,NQU5
2025-09-12,True,ok,2473,91,NQU5
2025-09-13,False,no_primary_data,0,0,
2025-09-14,False,no_primary_data,0,0,
2025-09-15,True,ok,2027,91,NQU5
2025-09-16,True,ok,2484,91,NQZ5
2025-09-17,True,ok,1732,91,NQZ5
2025-09-18,True,ok,2938,91,NQZ5
2025-09-19,True,ok,2504,91,NQZ5
2025-09-20,False,no_primary_data,0,0,
2025-09-21,False,no_primary_data,0,0,
2025-09-22,True,ok,3387,91,NQZ5
2025-09-23,True,ok,2469,91,NQZ5
2025-09-24,True,ok,2728,91,NQZ5
2025-09-25,True,ok,2640,91,NQZ5
2025-09-26,True,ok,2823,91,NQZ5
2025-09-27,False,no_primary_data,0,0,
2025-09-28,False,no_primary_data,0,0,
2025-09-29,True,ok,2651,91,NQZ5
2025-09-30,True,ok,3157,91,NQZ5
2025-10-01,True,ok,3303,91,NQZ5
2025-10-02,True,ok,2792,91,NQZ5
2025-10-03,True,ok,1732,91,NQZ5
2025-10-04,False,no_primary_data,0,0,
2025-10-05,False,no_primary_data,0,0,
2025-10-06,True,ok,2689,91,NQZ5
2025-10-07,True,ok,2292,91,NQZ5
2025-10-08,True,ok,2307,91,NQZ5
2025-10-09,True,ok,2274,91,NQZ5
2025-10-10,True,ok,2269,91,NQZ5
2025-10-11,False,no_primary_data,0,0,
2025-10-12,False,no_primary_data,0,0,
2025-10-13,True,ok,3967,91,NQZ5
2025-10-14,True,ok,4266,91,NQZ5
2025-10-15,True,ok,2902,91,NQZ5
2025-10-16,True,ok,3362,91,NQZ5
2025-10-17,True,ok,4823,91,NQZ5
2025-10-18,False,no_primary_data,0,0,
2025-10-19,False,no_primary_data,0,0,
2025-10-20,True,ok,2692,91,NQZ5
2025-10-21,True,ok,2454,91,NQZ5
2025-10-22,True,ok,2574,91,NQZ5
2025-10-23,True,ok,2505,91,NQZ5
2025-10-24,True,ok,2362,91,NQZ5
2025-10-25,False,no_primary_data,0,0,
2025-10-26,False,no_primary_data,0,0,
2025-10-27,True,ok,2685,91,NQZ5
2025-10-28,True,ok,2088,91,NQZ5
2025-10-29,True,ok,2591,91,NQZ5
2025-10-30,True,ok,2814,91,NQZ5
2025-10-31,True,ok,2626,91,NQZ5
2025-11-01,False,no_primary_data,0,0,
2025-11-02,False,no_primary_data,0,0,
2025-11-03,True,ok,2531,91,NQZ5
2025-11-04,True,ok,3563,91,NQZ5
2025-11-05,True,ok,3086,91,NQZ5
2025-11-06,True,ok,3050,91,NQZ5
2025-11-07,True,ok,3039,91,NQZ5
2025-11-08,False,no_primary_data,0,0,
2025-11-09,False,no_primary_data,0,0,
2025-11-10,True,ok,3161,91,NQZ5
2025-11-11,True,ok,2804,91,NQZ5
2025-11-12,True,ok,2586,91,NQZ5
2025-11-13,True,ok,2931,91,NQZ5
2025-11-14,True,ok,4013,91,NQZ5
2025-11-15,False,no_primary_data,0,0,
2025-11-16,False,no_primary_data,0,0,
2025-11-17,True,ok,3175,91,NQZ5
2025-11-18,True,ok,4020,91,NQZ5
2025-11-19,True,ok,2974,91,NQZ5
2025-11-20,True,ok,3211,91,NQZ5
2025-11-21,True,ok,3911,91,NQZ5
2025-11-22,False,no_primary_data,0,0,
2025-11-23,False,no_primary_data,0,0,
2025-11-24,True,ok,3700,91,NQZ5
2025-11-25,True,ok,3241,91,NQZ5
2025-11-26,True,ok,2870,91,NQZ5
2025-11-27,True,ok,1619,91,NQZ5
2025-11-28,False,no_primary_data,0,0,
2025-11-29,False,no_primary_data,0,0,
2025-11-30,False,no_primary_data,0,0,
2025-12-01,True,ok,2954,91,NQZ5
2025-12-02,True,ok,2617,91,NQZ5
2025-12-03,True,ok,2541,91,NQZ5
2025-12-04,True,ok,2379,91,NQZ5
2025-12-05,True,ok,2334,91,NQZ5
2025-12-06,False,no_primary_data,0,0,
2025-12-07,False,no_primary_data,0,0,
2025-12-08,True,ok,2051,91,NQZ5
2025-12-09,True,ok,1944,91,NQZ5
2025-12-10,True,ok,2083,91,NQZ5
2025-12-11,True,ok,3414,91,NQZ5
2025-12-12,True,ok,2299,91,NQZ5
2025-12-13,False,no_primary_data,0,0,
2025-12-14,False,no_primary_data,0,0,
2025-12-15,True,ok,1616,91,NQH6
2025-12-16,True,ok,2551,91,NQH6
2025-12-17,True,ok,2447,91,NQH6
2025-12-18,True,ok,2572,91,NQH6
2025-12-19,True,ok,2458,91,NQH6
2025-12-20,False,no_primary_data,0,0,
2025-12-21,False,no_primary_data,0,0,
2025-12-22,True,ok,1880,91,NQH6
2025-12-23,True,ok,1753,91,NQH6
2025-12-24,True,ok,893,91,NQH6
2025-12-25,False,no_primary_data,0,0,
2025-12-26,True,ok,982,91,NQH6
2025-12-27,False,no_primary_data,0,0,
2025-12-28,False,no_primary_data,0,0,
2025-12-29,True,ok,2480,91,NQH6
2025-12-30,True,ok,1412,91,NQH6
2025-12-31,True,ok,1875,91,NQH6
2026-01-01,False,no_primary_data,0,0,
2026-01-02,True,ok,2764,91,NQH6
2026-01-03,False,no_primary_data,0,0,
2026-01-04,False,no_primary_data,0,0,
2026-01-05,True,ok,2707,91,NQH6
2026-01-06,True,ok,3081,91,NQH6
2026-01-07,True,ok,2350,91,NQH6
2026-01-08,True,ok,2367,91,NQH6
2026-01-09,True,ok,1999,91,NQH6
2026-01-10,False,no_primary_data,0,0,
2026-01-11,False,no_primary_data,0,0,
2026-01-12,True,ok,3517,91,NQH6
2026-01-13,True,ok,1865,91,NQH6
2026-01-14,True,ok,1907,91,NQH6
2026-01-15,True,ok,3224,91,NQH6
2026-01-16,True,ok,2197,91,NQH6
2026-01-17,False,no_primary_data,0,0,
2026-01-18,False,no_primary_data,0,0,
2026-01-19,True,ok,2753,91,NQH6
2026-01-20,True,ok,4259,91,NQH6
2026-01-21,True,ok,2519,91,NQH6
2026-01-22,True,ok,3408,91,NQH6
2026-01-23,True,ok,3223,91,NQH6
2026-01-24,False,no_primary_data,0,0,
2026-01-25,False,no_primary_data,0,0,
2026-01-26,True,ok,2356,91,NQH6
2026-01-27,True,ok,2367,91,NQH6
2026-01-28,True,ok,3007,91,NQH6
2026-01-29,True,ok,2770,91,NQH6
2026-01-30,True,ok,3539,91,NQH6
2026-01-31,False,no_primary_data,0,0,
2026-02-01,False,no_primary_data,0,0,
2026-02-02,True,ok,3537,91,NQH6
2026-02-03,True,ok,2726,91,NQH6
2026-02-04,True,ok,3344,91,NQH6
2026-02-05,True,ok,3415,91,NQH6
2026-02-06,True,ok,3498,91,NQH6
2026-02-07,False,no_primary_data,0,0,
2026-02-08,False,no_primary_data,0,0,
2026-02-09,True,ok,2735,91,NQH6
2026-02-10,True,ok,2773,91,NQH6
2026-02-11,True,ok,2632,91,NQH6
2026-02-12,True,ok,2334,91,NQH6
2026-02-13,True,ok,3527,91,NQH6
2026-02-14,False,no_primary_data,0,0,
2026-02-15,False,no_primary_data,0,0,
2026-02-16,True,ok,1849,91,NQH6
2026-02-17,True,ok,2963,91,NQH6
2026-02-18,True,ok,2694,91,NQH6
2026-02-19,True,ok,2829,91,NQH6
2026-02-20,True,ok,2356,91,NQH6
2026-02-21,False,no_primary_data,0,0,
2026-02-22,False,no_primary_data,0,0,
2026-02-23,True,ok,2768,91,NQH6
2026-02-24,True,ok,3098,91,NQH6
2026-02-25,True,ok,2303,91,NQH6
2026-02-26,True,ok,2520,91,NQH6
2026-02-27,True,ok,2704,91,NQH6
2026-02-28,False,no_primary_data,0,0,
2026-03-01,False,no_primary_data,0,0,
2026-03-02,True,ok,4410,91,NQH6
2026-03-03,True,ok,4810,91,NQH6
2026-03-04,True,ok,3546,91,NQH6
2026-03-05,True,ok,4232,91,NQH6
2026-03-06,True,ok,3872,91,NQH6
2026-03-07,False,no_primary_data,0,0,
2026-03-08,False,no_primary_data,0,0,
2026-03-09,True,ok,4306,91,NQH6
2026-03-10,True,ok,3794,91,NQH6
2026-03-11,True,ok,3049,91,NQH6
2026-03-12,True,ok,3021,91,NQH6
2026-03-13,True,ok,3506,91,NQH6
2026-03-14,False,no_primary_data,0,0,
2026-03-15,False,no_primary_data,0,0,
2026-03-16,False,symbol_change,0,0,NQH6|NQM6
2026-03-17,True,ok,2506,91,NQM6
2026-03-18,True,ok,2254,91,NQM6
2026-03-19,True,ok,3885,91,NQM6
2026-03-20,True,ok,3245,91,NQM6
2026-03-21,False,no_primary_data,0,0,
2026-03-22,False,no_primary_data,0,0,
2026-03-23,True,ok,4280,91,NQM6
2026-03-24,True,ok,3686,91,NQM6
2026-03-25,True,ok,3118,91,NQM6
2026-03-26,True,ok,2812,91,NQM6
2026-03-27,True,ok,3322,91,NQM6
2026-03-28,False,no_primary_data,0,0,
2026-03-29,False,no_primary_data,0,0,
2026-03-30,True,ok,3320,91,NQM6
2026-03-31,True,ok,3859,91,NQM6
2026-04-01,True,ok,3951,91,NQM6
2026-04-02,True,ok,3461,91,NQM6
2026-04-03,True,ok,1128,91,NQM6
2026-04-04,False,no_primary_data,0,0,
2026-04-05,False,no_primary_data,0,0,
2026-04-06,True,ok,2827,91,NQM6
2026-04-07,True,ok,2712,91,NQM6
2026-04-08,True,ok,3463,91,NQM6
2026-04-09,True,ok,3175,91,NQM6
2026-04-10,True,ok,2583,91,NQM6
2026-04-11,False,no_primary_data,0,0,
2026-04-12,False,no_primary_data,0,0,
2026-04-13,True,ok,2533,91,NQM6
2026-04-14,True,ok,2961,91,NQM6
2026-04-15,True,ok,2332,91,NQM6
2026-04-16,True,ok,2844,91,NQM6
2026-04-17,True,ok,2200,91,NQM6
2026-04-18,False,no_primary_data,0,0,
2026-04-19,False,no_primary_data,0,0,
2026-04-20,True,ok,3205,91,NQM6
2026-04-21,True,ok,2346,91,NQM6
2026-04-22,True,ok,2803,91,NQM6
2026-04-23,True,ok,2658,91,NQM6
2026-04-24,True,ok,2919,91,NQM6
2026-04-25,False,no_primary_data,0,0,
2026-04-26,False,no_primary_data,0,0,
2026-04-27,True,ok,2697,91,NQM6
2026-04-28,True,ok,3313,91,NQM6
2026-04-29,True,ok,3110,91,NQM6
2026-04-30,True,ok,3631,91,NQM6
2026-05-01,True,ok,1917,91,NQM6
2026-05-02,False,no_primary_data,0,0,
2026-05-03,False,no_primary_data,0,0,
2026-05-04,True,ok,3034,91,NQM6
2026-05-05,True,ok,2759,91,NQM6
2026-05-06,True,ok,3158,91,NQM6
2026-05-07,True,ok,3513,91,NQM6
2026-05-08,True,ok,2812,91,NQM6
2026-05-09,False,no_primary_data,0,0,
2026-05-10,False,no_primary_data,0,0,
2026-05-11,True,ok,2979,91,NQM6
2026-05-12,True,ok,3607,91,NQM6
2026-05-13,True,ok,2973,91,NQM6
2026-05-14,True,ok,2903,91,NQM6
2026-05-15,True,ok,4200,91,NQM6
2026-05-16,False,no_primary_data,0,0,
2026-05-17,False,no_primary_data,0,0,
2026-05-18,True,ok,3996,91,NQM6
2026-05-19,True,ok,3367,91,NQM6
2026-05-20,True,ok,2774,91,NQM6
2026-05-21,True,ok,3511,91,NQM6
2026-05-22,True,ok,2880,91,NQM6
2026-05-23,False,no_primary_data,0,0,
2026-05-24,False,no_primary_data,0,0,
2026-05-25,True,ok,2258,91,NQM6
2026-05-26,True,ok,2659,91,NQM6
2026-05-27,True,ok,2969,91,NQM6
2026-05-28,True,ok,3018,91,NQM6
2026-05-29,True,ok,2890,91,NQM6
2026-05-30,False,no_primary_data,0,0,
2026-05-31,False,no_primary_data,0,0,
2026-06-01,True,ok,3237,91,NQM6
2026-06-02,True,ok,3115,91,NQM6
2026-06-03,True,ok,2758,91,NQM6
2026-06-04,True,ok,3276,91,NQM6
2026-06-05,True,ok,3702,91,NQM6
2026-06-06,False,no_primary_data,0,0,
2026-06-07,False,no_primary_data,0,0,
2026-06-08,True,ok,4143,91,NQM6
2026-06-09,True,ok,3378,91,NQM6
2026-06-10,True,ok,3105,91,NQM6
2026-06-11,True,ok,3094,91,NQM6
2026-06-12,True,ok,2974,91,NQM6
2026-06-13,False,no_primary_data,0,0,
2026-06-14,False,no_primary_data,0,0,
2026-06-15,True,ok,2344,91,NQU6
